-- MySQL dump 10.13  Distrib 5.7.37, for Linux (x86_64)
--
-- Host: localhost    Database: db/development
-- ------------------------------------------------------
-- Server version	5.7.37

/*!40101 SET @OLD_CHARACTER_SET_CLIENT=@@CHARACTER_SET_CLIENT */;
/*!40101 SET @OLD_CHARACTER_SET_RESULTS=@@CHARACTER_SET_RESULTS */;
/*!40101 SET @OLD_COLLATION_CONNECTION=@@COLLATION_CONNECTION */;
/*!40101 SET NAMES utf8 */;
/*!40103 SET @OLD_TIME_ZONE=@@TIME_ZONE */;
/*!40103 SET TIME_ZONE='+00:00' */;
/*!40014 SET @OLD_UNIQUE_CHECKS=@@UNIQUE_CHECKS, UNIQUE_CHECKS=0 */;
/*!40014 SET @OLD_FOREIGN_KEY_CHECKS=@@FOREIGN_KEY_CHECKS, FOREIGN_KEY_CHECKS=0 */;
/*!40101 SET @OLD_SQL_MODE=@@SQL_MODE, SQL_MODE='NO_AUTO_VALUE_ON_ZERO' */;
/*!40111 SET @OLD_SQL_NOTES=@@SQL_NOTES, SQL_NOTES=0 */;

--
-- Table structure for table `alcohols`
--

DROP TABLE IF EXISTS `alcohols`;
/*!40101 SET @saved_cs_client     = @@character_set_client */;
/*!40101 SET character_set_client = utf8 */;
CREATE TABLE `alcohols` (
  `id` bigint(20) NOT NULL AUTO_INCREMENT,
  `name` varchar(255) NOT NULL,
  `created_at` datetime(6) NOT NULL,
  `updated_at` datetime(6) NOT NULL,
  PRIMARY KEY (`id`)
) ENGINE=InnoDB AUTO_INCREMENT=5 DEFAULT CHARSET=utf8mb4;
/*!40101 SET character_set_client = @saved_cs_client */;

--
-- Dumping data for table `alcohols`
--

LOCK TABLES `alcohols` WRITE;
/*!40000 ALTER TABLE `alcohols` DISABLE KEYS */;
INSERT INTO `alcohols` VALUES (1,'ノンアル','2021-05-17 03:54:08.079828','2021-05-17 03:54:08.079828'),(2,'弱い','2021-05-17 03:54:08.089617','2021-05-17 03:54:08.089617'),(3,'やや強い','2021-05-17 03:54:08.104236','2021-05-17 03:54:08.104236'),(4,'強い','2021-05-17 03:54:08.114980','2021-05-17 03:54:08.114980');
/*!40000 ALTER TABLE `alcohols` ENABLE KEYS */;
UNLOCK TABLES;

--
-- Table structure for table `ar_internal_metadata`
--

DROP TABLE IF EXISTS `ar_internal_metadata`;
/*!40101 SET @saved_cs_client     = @@character_set_client */;
/*!40101 SET character_set_client = utf8 */;
CREATE TABLE `ar_internal_metadata` (
  `key` varchar(255) NOT NULL,
  `value` varchar(255) DEFAULT NULL,
  `created_at` datetime(6) NOT NULL,
  `updated_at` datetime(6) NOT NULL,
  PRIMARY KEY (`key`)
) ENGINE=InnoDB DEFAULT CHARSET=utf8mb4;
/*!40101 SET character_set_client = @saved_cs_client */;

--
-- Dumping data for table `ar_internal_metadata`
--

LOCK TABLES `ar_internal_metadata` WRITE;
/*!40000 ALTER TABLE `ar_internal_metadata` DISABLE KEYS */;
INSERT INTO `ar_internal_metadata` VALUES ('environment','development','2021-05-17 03:53:42.953464','2021-05-17 03:53:42.953464');
/*!40000 ALTER TABLE `ar_internal_metadata` ENABLE KEYS */;
UNLOCK TABLES;

--
-- Table structure for table `assessments`
--

DROP TABLE IF EXISTS `assessments`;
/*!40101 SET @saved_cs_client     = @@character_set_client */;
/*!40101 SET character_set_client = utf8 */;
CREATE TABLE `assessments` (
  `id` bigint(20) NOT NULL AUTO_INCREMENT,
  `name` varchar(255) DEFAULT NULL,
  `created_at` datetime(6) NOT NULL,
  `updated_at` datetime(6) NOT NULL,
  PRIMARY KEY (`id`)
) ENGINE=InnoDB AUTO_INCREMENT=5 DEFAULT CHARSET=utf8mb4;
/*!40101 SET character_set_client = @saved_cs_client */;

--
-- Dumping data for table `assessments`
--

LOCK TABLES `assessments` WRITE;
/*!40000 ALTER TABLE `assessments` DISABLE KEYS */;
INSERT INTO `assessments` VALUES (1,'飲んだ','2021-05-30 06:13:51.065866','2021-05-30 06:13:51.065866'),(2,'Average','2021-05-30 06:13:58.837375','2021-05-30 06:13:58.837375'),(3,'Good','2021-05-30 06:14:03.242734','2021-05-30 06:14:03.242734'),(4,'Excellent','2021-05-30 06:14:10.267756','2021-05-30 06:14:10.267756');
/*!40000 ALTER TABLE `assessments` ENABLE KEYS */;
UNLOCK TABLES;

--
-- Table structure for table `materials`
--

DROP TABLE IF EXISTS `materials`;
/*!40101 SET @saved_cs_client     = @@character_set_client */;
/*!40101 SET character_set_client = utf8 */;
CREATE TABLE `materials` (
  `id` bigint(20) NOT NULL AUTO_INCREMENT,
  `name` varchar(255) NOT NULL,
  `alcohol_flag` tinyint(1) NOT NULL DEFAULT '0',
  `have_flag` tinyint(1) NOT NULL DEFAULT '0',
  `created_at` datetime(6) NOT NULL,
  `updated_at` datetime(6) NOT NULL,
  PRIMARY KEY (`id`)
) ENGINE=InnoDB AUTO_INCREMENT=123 DEFAULT CHARSET=utf8mb4;
/*!40101 SET character_set_client = @saved_cs_client */;

--
-- Dumping data for table `materials`
--

LOCK TABLES `materials` WRITE;
/*!40000 ALTER TABLE `materials` DISABLE KEYS */;
INSERT INTO `materials` VALUES (1,'アイスコーヒー',0,0,'2021-05-17 03:54:26.802520','2021-05-17 03:54:26.802520'),(2,'アイリッシュ・ウィスキー',1,0,'2021-05-17 03:54:26.813883','2021-05-17 03:54:26.813883'),(3,'赤唐辛子',0,0,'2021-05-17 03:54:26.825709','2021-05-17 03:54:26.825709'),(4,'赤ワイン',1,0,'2021-05-17 03:54:26.837964','2022-03-31 09:58:57.911311'),(5,'アップルジュース',0,0,'2021-05-17 03:54:26.848318','2021-05-17 03:54:26.848318'),(6,'アップルブランデー',1,0,'2021-05-17 03:54:26.859144','2021-05-17 03:54:26.859144'),(7,'アブサン',1,0,'2021-05-17 03:54:26.870394','2021-05-17 03:54:26.870394'),(8,'アプリコットブランデー',1,0,'2021-05-17 03:54:26.880609','2021-05-17 03:54:26.880609'),(9,'アマレット',1,0,'2021-05-17 03:54:26.890561','2022-03-31 09:58:51.188617'),(10,'アンゴスチュラ・ビターズ',1,0,'2021-05-17 03:54:26.902502','2021-05-17 03:54:26.902502'),(11,'イチゴ',0,0,'2021-05-17 03:54:26.911963','2021-05-17 03:54:26.911963'),(12,'ウィスキー',1,1,'2021-05-17 03:54:26.922548','2021-05-17 03:54:26.922548'),(13,'烏龍茶',0,0,'2021-05-17 03:54:26.933189','2021-05-17 03:54:26.933189'),(14,'ウォッカ',1,1,'2021-05-17 03:54:26.942148','2021-05-17 03:54:26.942148'),(15,'お湯',0,0,'2021-05-17 03:54:26.953709','2021-05-22 07:53:22.098395'),(16,'オリーブ',0,0,'2021-05-17 03:54:26.963994','2021-05-17 03:54:26.963994'),(17,'オレンジ',0,0,'2021-05-17 03:54:26.975279','2021-05-17 03:54:26.975279'),(18,'オレンジキュラソー',1,0,'2021-05-17 03:54:26.986585','2021-05-17 03:54:26.986585'),(19,'オレンジジュース',0,0,'2021-05-17 03:54:26.996086','2022-03-31 09:58:37.565355'),(20,'オレンジ・ビターズ',1,0,'2021-05-17 03:54:27.007239','2021-05-17 03:54:27.007239'),(21,'角砂糖',0,0,'2021-05-17 03:54:27.017482','2021-05-17 03:54:27.017482'),(22,'カシャッサ',1,0,'2021-05-17 03:54:27.027023','2021-05-17 03:54:27.027023'),(23,'ガリアーノ',1,0,'2021-05-17 03:54:27.037915','2021-05-17 03:54:27.037915'),(24,'カルーア',1,1,'2021-05-17 03:54:27.047926','2021-05-17 03:54:27.047926'),(25,'カンパリ',1,0,'2021-05-17 03:54:27.057626','2021-05-17 03:54:27.057626'),(26,'ギネスビール',1,0,'2021-05-17 03:54:27.068408','2021-05-17 03:54:27.068408'),(27,'牛乳',0,1,'2021-05-17 03:54:27.077262','2021-09-03 11:51:36.368590'),(28,'キュンメル',1,0,'2021-05-17 03:54:27.087975','2021-05-17 03:54:27.087975'),(29,'キルシュヴァッサー',1,0,'2021-05-17 03:54:27.097380','2021-05-17 03:54:27.097380'),(30,'クランベリージュース',0,0,'2021-05-17 03:54:27.107705','2021-05-17 03:54:27.107705'),(31,'グリーンティー・リキュール',1,0,'2021-05-17 03:54:27.122069','2021-05-17 03:54:27.122069'),(32,'グレープジュース',0,0,'2021-05-17 03:54:27.132209','2021-09-03 11:04:30.031150'),(33,'グレープフルーツジュース',0,0,'2021-05-17 03:54:27.141648','2022-03-31 09:58:26.149745'),(34,'クレーム・ド・アプリコット',1,0,'2021-05-17 03:54:27.152427','2021-05-17 03:54:27.152427'),(35,'クレーム・ド・カカオ',1,0,'2021-05-17 03:54:27.161656','2021-05-17 03:54:27.161656'),(36,'クレーム・ド・カカオ・ホワイト',1,0,'2021-05-17 03:54:27.171922','2021-05-17 03:54:27.171922'),(37,'クレーム・ド・カシス',1,1,'2021-05-17 03:54:27.182235','2021-08-07 09:45:02.274583'),(38,'クレーム・ド・バイオレット',1,0,'2021-05-17 03:54:27.192696','2021-05-17 03:54:27.192696'),(39,'クレーム・ド・バナナ',1,0,'2021-05-17 03:54:27.203383','2021-05-17 03:54:27.203383'),(40,'クレーム・ド・フランボワーズ',1,0,'2021-05-17 03:54:27.212883','2021-05-17 03:54:27.212883'),(41,'グレナデンシロップ',0,0,'2021-05-17 03:54:27.249623','2022-03-31 09:58:18.554373'),(42,'クローブ',0,0,'2021-05-17 03:54:27.259177','2021-05-17 03:54:27.259177'),(43,'コーラ',0,0,'2021-05-17 03:54:27.269987','2022-03-31 09:58:09.620845'),(44,'ゴールド・ラム',1,0,'2021-05-17 03:54:27.279375','2021-05-17 03:54:27.279375'),(45,'ココナッツミルク',0,0,'2021-05-17 03:54:27.288492','2021-05-17 03:54:27.288492'),(46,'サンブーカ',1,0,'2021-05-17 03:54:27.297980','2021-05-17 03:54:27.297980'),(47,'シナモンスティック',0,0,'2021-05-17 03:54:27.307444','2021-05-17 03:54:27.307444'),(48,'シャルトリューズ・ヴェール',1,0,'2021-05-17 03:54:27.317236','2021-05-17 03:54:27.317236'),(49,'シャルトリューズ・ジョーヌ',1,0,'2021-05-17 03:54:27.325717','2021-05-17 03:54:27.325717'),(50,'シャンパン',1,0,'2021-05-17 03:54:27.339168','2021-05-17 03:54:27.339168'),(51,'シュガーシロップ',0,0,'2021-05-17 03:54:27.351772','2022-03-31 09:57:59.264827'),(52,'紹興酒',1,0,'2021-05-17 03:54:27.362040','2021-05-17 03:54:27.362040'),(53,'食塩',0,1,'2021-05-17 03:54:27.375297','2021-05-17 03:54:27.375297'),(54,'白ワイン',1,0,'2021-05-17 03:54:27.385365','2021-05-20 14:51:47.995874'),(55,'ジンジャエール',0,1,'2021-05-17 03:54:27.395193','2021-05-17 03:54:27.395193'),(56,'スイート・ベルモット',1,0,'2021-05-17 03:54:27.406876','2021-05-17 03:54:27.406876'),(57,'スコッチ・ウィスキー',1,0,'2021-05-17 03:54:27.418780','2021-05-17 03:54:27.418780'),(58,'スパークリングワイン',1,0,'2021-05-17 03:54:27.429263','2021-05-17 03:54:27.429263'),(59,'スロー・ジン',1,0,'2021-05-17 03:54:27.438502','2021-05-17 03:54:27.438502'),(60,'ソーダ',0,1,'2021-05-17 03:54:27.448839','2021-05-17 03:54:27.448839'),(61,'ダーク・ラム',1,0,'2021-05-17 03:54:27.457308','2021-05-17 03:54:27.457308'),(62,'タバスコ',0,0,'2021-05-17 03:54:27.467735','2021-05-17 03:54:27.467735'),(63,'卵',0,0,'2021-05-17 03:54:27.476604','2021-05-20 14:12:58.470935'),(64,'チェリー',0,0,'2021-05-17 03:54:27.486744','2021-05-17 03:54:27.486744'),(65,'チェリーブランデー',1,0,'2021-05-17 03:54:27.495624','2021-05-17 03:54:27.495624'),(66,'チョコレート・リキュール',1,1,'2021-05-17 03:54:27.504779','2021-05-17 03:54:27.504779'),(67,'ディタ',1,1,'2021-05-17 03:54:27.515415','2021-05-17 03:54:27.515415'),(68,'ティフィン',1,0,'2021-05-17 03:54:27.525552','2021-05-17 03:54:27.525552'),(69,'テキーラ',1,0,'2021-05-17 03:54:27.535900','2022-03-31 09:57:42.980588'),(70,'デュポネ',1,0,'2021-05-17 03:54:27.543950','2021-05-17 03:54:27.543950'),(71,'トニックウォーター',0,0,'2021-05-17 03:54:27.557209','2022-03-31 09:57:31.984757'),(72,'トマトジュース',0,0,'2021-05-17 03:54:27.571485','2021-05-17 03:54:27.571485'),(73,'ドライ・シェリー',1,0,'2021-05-17 03:54:27.585925','2021-05-17 03:54:27.585925'),(74,'ドライ・ジン',1,1,'2021-05-17 03:54:27.595847','2021-05-17 04:21:13.530643'),(75,'ドライ・ベルモット',1,0,'2021-05-17 03:54:27.606599','2022-03-31 09:57:21.937741'),(76,'ドランブイ',1,0,'2021-05-17 03:54:27.618078','2021-05-17 03:54:27.618078'),(77,'ナツメグ',0,0,'2021-05-17 03:54:27.626967','2021-05-17 03:54:27.626967'),(78,'生クリーム',0,0,'2021-05-17 03:54:27.637205','2022-03-31 09:57:11.329466'),(79,'日本酒',1,0,'2021-05-17 03:54:27.647821','2022-03-31 09:57:03.705581'),(80,'バーボン・ウィスキー',1,1,'2021-05-17 03:54:27.658318','2021-05-17 03:54:27.658318'),(81,'パールオニオン',0,0,'2021-05-17 03:54:27.672377','2021-05-17 03:54:27.672377'),(82,'パイナップル',0,0,'2021-05-17 03:54:27.683605','2021-05-17 03:54:27.683605'),(83,'パイナップルジュース',0,0,'2021-05-17 03:54:27.692781','2022-03-31 09:56:47.642833'),(84,'バター',0,0,'2021-05-17 03:54:27.704682','2021-05-22 07:52:48.142316'),(85,'はちみつ',0,0,'2021-05-17 03:54:27.715704','2021-05-22 07:53:03.882556'),(86,'パッソア',1,0,'2021-05-17 03:54:27.724655','2021-05-17 03:54:27.724655'),(87,'ピーチツリー',1,1,'2021-05-17 03:54:27.737782','2021-05-17 03:54:27.737782'),(88,'ピーチネクター',0,0,'2021-05-17 03:54:27.748378','2021-05-17 03:54:27.748378'),(89,'ブランデー',1,0,'2021-05-17 03:54:27.757954','2022-03-31 09:56:38.579825'),(90,'ブルー・キュラソー',1,1,'2021-05-17 03:54:27.768441','2021-05-17 03:54:27.768441'),(91,'ベイリーズ',1,0,'2021-05-17 03:54:27.778887','2021-05-17 03:54:27.778887'),(92,'ベネディクティン',1,0,'2021-05-17 03:54:27.788988','2021-05-17 03:54:27.788988'),(93,'ペパーミント',1,0,'2021-05-17 03:54:27.799883','2022-03-31 09:56:29.852458'),(94,'ポートワイン',1,0,'2021-05-17 03:54:27.808579','2021-05-17 03:54:27.808579'),(95,'ホットコーヒー',0,0,'2021-05-17 03:54:27.819948','2021-05-22 07:52:39.701840'),(96,'ホワイト・キュラソー',1,1,'2021-05-17 03:54:27.829692','2021-05-17 03:54:27.829692'),(97,'ホワイトペパーミント',1,0,'2021-05-17 03:54:27.839567','2021-05-17 03:54:27.839567'),(98,'ホワイト・ラム',1,1,'2021-05-17 03:54:27.849932','2021-05-17 03:54:27.849932'),(99,'マラスキーノ',1,0,'2021-05-17 03:54:27.860351','2021-05-17 03:54:27.860351'),(100,'マリブ',1,0,'2021-05-17 03:54:27.871219','2022-03-31 09:56:17.518312'),(101,'マンゴヤン',1,1,'2021-05-17 03:54:27.881552','2021-05-17 03:54:27.881552'),(102,'ミドリ',1,0,'2021-05-17 03:54:27.891497','2022-03-31 09:56:10.107144'),(103,'ミネラルウォーター',0,0,'2021-05-17 03:54:27.904393','2021-05-17 03:54:27.904393'),(104,'ミントチェリー',0,0,'2021-05-17 03:54:27.916854','2021-05-17 03:54:27.916854'),(105,'ミントの葉',0,0,'2021-05-17 03:54:27.936881','2021-05-17 03:54:27.936881'),(106,'ヨーグリート',1,1,'2021-05-17 03:54:27.954866','2021-06-05 08:12:45.282412'),(107,'ライ・ウィスキー',1,0,'2021-05-17 03:54:27.971714','2021-05-17 03:54:27.971714'),(108,'ライチジュース',0,0,'2021-05-17 03:54:27.984160','2021-10-22 05:33:54.647610'),(109,'ライム',0,0,'2021-05-17 03:54:27.993775','2021-05-17 03:54:27.993775'),(110,'ライムジュース',0,0,'2021-05-17 03:54:28.006167','2022-03-31 09:55:59.235582'),(111,'卵黄',0,0,'2021-05-17 03:54:28.017076','2021-05-20 14:12:54.718841'),(112,'卵白',0,0,'2021-05-17 03:54:28.027588','2021-05-20 14:12:50.403450'),(113,'レモネード',0,0,'2021-05-17 03:54:28.038468','2021-05-17 03:54:28.038468'),(114,'レモン',0,0,'2021-05-17 03:54:28.049524','2021-05-17 03:54:28.049524'),(115,'レモンジュース',0,0,'2021-05-17 03:54:28.059855','2022-03-31 09:55:46.895515'),(116,'レモンピール',0,0,'2021-05-17 03:54:28.073618','2021-05-17 03:54:28.073618'),(117,'カルピス',0,1,'2021-05-30 10:56:27.857299','2021-05-30 10:56:27.857299'),(118,'メロン・リキュール',1,0,'2021-05-30 11:00:45.846133','2021-05-30 11:00:54.939398'),(119,'コアントロー',1,1,'2021-05-30 11:01:27.794225','2021-05-30 11:01:27.794225'),(120,'ライチ',0,0,'2021-05-30 11:05:10.023256','2021-05-30 11:05:10.023256'),(121,'ウコン',0,0,'2021-06-12 13:26:39.386917','2021-07-19 12:46:10.723418'),(122,'リンゴジュース',0,0,'2021-06-12 13:29:02.613946','2021-07-19 12:47:59.223669');
/*!40000 ALTER TABLE `materials` ENABLE KEYS */;
UNLOCK TABLES;

--
-- Table structure for table `orders`
--

DROP TABLE IF EXISTS `orders`;
/*!40101 SET @saved_cs_client     = @@character_set_client */;
/*!40101 SET character_set_client = utf8 */;
CREATE TABLE `orders` (
  `id` bigint(20) NOT NULL AUTO_INCREMENT,
  `recipe_id` bigint(20) NOT NULL,
  `name_entered` varchar(255) DEFAULT NULL,
  `done_flag` tinyint(1) NOT NULL DEFAULT '0',
  `created_at` datetime(6) NOT NULL,
  `updated_at` datetime(6) NOT NULL,
  `user_id` bigint(20) DEFAULT NULL,
  PRIMARY KEY (`id`),
  KEY `index_orders_on_recipe_id` (`recipe_id`),
  KEY `index_orders_on_user_id` (`user_id`),
  CONSTRAINT `fk_rails_056152a108` FOREIGN KEY (`recipe_id`) REFERENCES `recipes` (`id`),
  CONSTRAINT `fk_rails_f868b47f6a` FOREIGN KEY (`user_id`) REFERENCES `users` (`id`)
) ENGINE=InnoDB AUTO_INCREMENT=101 DEFAULT CHARSET=utf8mb4;
/*!40101 SET character_set_client = @saved_cs_client */;

--
-- Dumping data for table `orders`
--

LOCK TABLES `orders` WRITE;
/*!40000 ALTER TABLE `orders` DISABLE KEYS */;
INSERT INTO `orders` VALUES (1,124,'だいち',1,'2021-05-28 13:25:08.564236','2021-05-30 08:19:54.632525',2),(2,111,'新山大地の嫁',1,'2021-05-28 13:25:30.528807','2021-05-30 08:20:04.621738',3),(3,94,'大地',1,'2021-05-28 13:25:49.653679','2021-05-30 08:20:11.139544',2),(4,95,'だ',1,'2021-05-28 14:07:04.352309','2021-05-30 08:20:16.102430',2),(5,151,'しげ',1,'2021-05-28 14:12:51.079645','2021-05-30 08:20:25.471746',1),(6,237,'zuya',1,'2021-05-28 14:16:04.421407','2021-05-30 08:20:31.264347',4),(7,98,'おまたゆうすけ',1,'2021-05-28 14:50:27.128109','2021-05-30 08:20:36.582559',3),(8,86,'zuya',1,'2021-05-28 14:53:33.740872','2021-05-30 08:20:41.879416',4),(9,82,'だいち',1,'2021-05-28 15:38:21.515671','2021-05-30 08:20:47.020004',2),(10,175,'大地',1,'2021-05-28 15:59:37.648366','2021-05-30 08:20:52.122278',2),(11,121,'d',1,'2021-05-28 16:20:11.181360','2021-05-30 08:20:56.841010',2),(12,111,'d',1,'2021-05-28 16:36:37.999498','2021-05-30 08:21:00.832237',2),(13,275,'すがわら',1,'2021-06-01 13:43:14.063318','2021-06-01 13:47:19.022660',5),(14,101,'すがわら',1,'2021-06-01 14:07:27.656082','2021-06-01 14:10:37.937692',5),(18,82,'すがわら',1,'2021-06-01 14:38:11.905380','2021-06-01 14:43:49.933368',5),(19,27,'すがわら',1,'2021-06-01 16:23:04.012970','2021-06-01 16:25:28.068801',5),(20,13,'ずや',1,'2021-06-05 12:48:40.916061','2021-06-05 12:50:45.635071',4),(21,245,'おまた',1,'2021-06-05 13:15:17.363519','2021-06-05 13:18:49.197428',3),(22,34,'おまた',1,'2021-06-05 13:17:23.027033','2021-06-05 13:20:27.294420',3),(23,242,'ずや',1,'2021-06-05 13:18:27.490731','2021-06-05 13:24:27.498538',4),(24,276,'しげ',1,'2021-06-05 13:34:11.719061','2021-06-05 13:40:10.520794',1),(25,85,'すがわら',1,'2021-06-09 12:14:57.966106','2021-06-09 12:33:06.869806',5),(26,58,'めーじん',1,'2021-06-09 12:24:24.564316','2021-06-09 12:25:35.122507',7),(27,248,'めーじん',1,'2021-06-09 12:25:45.058605','2021-06-09 12:30:57.568705',7),(28,58,'めーじん',1,'2021-06-09 12:36:16.654068','2021-06-09 13:15:31.536203',7),(29,172,'すがわら',1,'2021-06-09 13:15:00.793979','2021-06-09 13:19:09.613286',5),(30,139,NULL,1,'2021-06-09 13:48:54.254778','2021-06-09 13:51:51.820876',8),(31,138,'すがわら',1,'2021-06-09 13:56:40.885799','2021-06-09 13:58:30.580036',5),(32,109,'めーじん',1,'2021-06-09 14:22:24.876388','2021-06-09 14:28:10.760044',7),(33,23,'すがわら',1,'2021-06-09 14:29:01.316419','2021-06-09 14:31:20.060039',5),(34,170,NULL,1,'2021-06-09 15:06:28.945868','2021-06-10 07:43:44.848104',8),(35,127,'めーじん',1,'2021-06-09 15:07:39.919543','2021-06-09 15:12:54.716447',7),(36,124,'すがわら',1,'2021-06-09 15:18:43.213641','2021-06-09 15:21:48.443912',5),(37,241,'すがわら',1,'2021-06-09 15:22:03.942111','2021-06-09 15:22:16.109764',5),(38,230,'すがわら',1,'2021-06-09 15:22:28.754493','2021-06-09 15:24:44.571335',5),(39,58,'すがわら',1,'2021-06-09 15:58:06.871073','2021-06-09 16:02:01.924208',5),(40,17,NULL,1,'2021-06-09 16:20:59.373195','2021-06-10 07:43:55.158792',8),(41,146,'ずや',1,'2021-06-11 12:19:02.440112','2021-06-11 12:20:39.329924',4),(42,113,'ずや',1,'2021-06-11 12:19:27.713395','2021-06-11 12:20:15.983992',4),(43,77,'おまた',1,'2021-06-11 12:21:16.042488','2021-06-11 12:21:21.116533',3),(44,112,'ずや',1,'2021-06-11 12:55:55.701214','2021-06-11 12:56:19.804651',4),(45,166,'おまた',1,'2021-06-11 15:43:15.710882','2021-06-11 15:43:34.146091',3),(46,269,'おおば',1,'2021-06-12 10:34:56.114740','2021-06-12 10:36:08.531166',12),(47,162,'おおば',1,'2021-06-12 10:42:54.570180','2021-06-12 10:46:51.336198',12),(48,5,'くぐえ',1,'2021-06-12 10:46:49.069886','2021-06-12 10:49:48.716623',11),(49,207,'おまた',1,'2021-06-12 10:48:21.471404','2021-06-12 10:48:38.080274',3),(50,225,'おまた',1,'2021-06-12 10:49:18.064535','2021-06-12 10:50:00.494809',3),(51,18,'おまた',1,'2021-06-12 10:49:40.130935','2021-06-12 10:49:58.442847',3),(52,118,'ふじさき',1,'2021-06-12 10:53:23.915007','2021-06-12 10:55:00.286255',15),(53,279,'くぐえ',1,'2021-06-12 11:06:17.936337','2021-06-12 11:42:22.775230',11),(54,14,'おおば',1,'2021-06-12 14:59:15.700862','2021-06-12 15:40:51.757708',12),(55,101,'おおば',1,'2021-06-12 15:40:59.833506','2021-06-12 15:46:14.193316',12),(56,281,'しげ',1,'2021-06-14 14:02:20.204705','2021-06-14 14:02:34.711481',1),(57,108,'しげ',1,'2021-06-17 08:13:17.939289','2021-07-19 13:03:03.010518',1),(58,85,'おまた',1,'2021-07-19 13:02:01.352539','2021-07-19 13:02:57.061209',3),(59,24,'ほのか',1,'2021-08-07 10:42:51.538812','2021-08-07 10:51:48.781071',8),(60,204,'さとう',1,'2021-08-07 10:44:55.286594','2021-08-07 10:54:16.002547',17),(61,236,'だいち',1,'2021-08-07 10:45:41.734380','2021-08-07 11:00:16.633978',2),(62,13,'さとう',1,'2021-08-07 10:48:48.750464','2021-08-07 10:56:55.707710',17),(63,139,'さとう',1,'2021-08-07 10:52:23.500890','2021-08-07 11:03:16.292167',17),(64,53,'すがわら',1,'2021-08-07 11:05:49.960176','2021-08-07 11:12:46.951474',NULL),(65,222,'かたよせ',1,'2021-08-07 11:07:40.296600','2021-08-07 11:29:57.218101',19),(66,216,'さとう',1,'2021-08-07 11:09:10.053138','2021-08-07 11:49:20.939140',17),(67,178,'おまた',1,'2021-08-07 11:39:07.159691','2021-08-07 11:58:17.901432',3),(68,217,'さとう',1,'2021-08-07 11:56:32.444973','2021-09-01 15:31:32.088861',17),(69,39,'さとう',1,'2021-08-07 11:57:48.195742','2021-09-01 15:31:34.662145',17),(70,10,'だいじろう',1,'2021-09-03 11:56:51.775345','2021-09-03 12:13:12.112520',9),(71,185,'おまた',1,'2021-09-03 13:42:13.977512','2021-09-03 13:42:26.102117',3),(72,267,'よね',1,'2021-09-03 14:58:21.893730','2021-09-03 15:08:39.288505',6),(73,276,'よね',1,'2021-09-03 15:17:38.422522','2021-09-03 15:35:44.722107',6),(79,197,'おまた',1,'2021-09-03 15:48:57.522501','2021-09-03 15:49:06.682028',3),(80,185,'おまた',1,'2021-09-10 17:16:20.238171','2021-09-10 17:30:14.089194',3),(81,93,'すがわら',1,'2021-09-10 18:18:18.956775','2021-09-10 18:19:17.045963',5),(82,94,'すがわら',1,'2021-09-10 18:19:23.171168','2021-09-10 18:21:48.617235',5),(83,169,'すがわら',1,'2021-09-10 18:48:38.007096','2021-09-10 18:53:00.608687',5),(84,236,'おまた',1,'2021-09-15 14:13:59.519281','2021-09-15 14:14:11.440609',3),(85,246,'くぼちゃん',1,'2021-10-22 10:30:13.894130','2021-10-22 10:36:24.219911',22),(86,86,'くぼちゃん',1,'2021-10-22 10:57:20.205213','2021-10-22 11:01:53.764625',22),(87,215,'',1,'2021-11-20 14:07:04.135169','2021-11-20 14:11:27.827615',NULL),(88,231,'すがわら',1,'2021-11-20 15:41:05.248393','2021-11-20 16:04:39.687713',5),(89,104,'すがわら',1,'2021-11-20 16:03:58.622300','2021-11-20 16:10:41.041751',5),(90,276,'すがわら',1,'2021-11-20 16:39:01.958695','2021-11-20 16:44:14.458104',5),(91,81,'ゆみ',1,'2021-11-27 12:51:17.422749','2021-11-27 12:53:49.455493',23),(92,37,'ゆみ',1,'2021-11-27 13:46:01.119489','2021-11-28 09:28:13.397602',23),(93,130,'ゆみ',1,'2021-11-28 09:26:28.189432','2021-11-28 09:32:44.444150',23),(94,268,'ゆみ',1,'2021-11-28 09:56:05.122222','2021-11-28 09:56:50.415851',23),(95,229,'ゆみ',1,'2021-11-28 09:59:37.024112','2021-11-28 10:04:11.979745',23),(96,156,'ゆみ',1,'2021-11-28 10:15:05.027128','2021-11-28 10:20:55.740332',23),(97,218,'おおば',1,'2021-12-22 14:33:34.232187','2021-12-22 14:40:35.320241',12),(98,267,'すがわら',1,'2022-02-18 15:55:24.667810','2022-02-18 16:00:52.336927',5),(99,255,'すがわら',1,'2022-02-18 16:26:40.883159','2022-02-18 16:27:03.058958',5),(100,106,'すがわら',1,'2022-02-18 16:27:21.351319','2022-02-18 16:33:34.941514',5);
/*!40000 ALTER TABLE `orders` ENABLE KEYS */;
UNLOCK TABLES;

--
-- Table structure for table `ranks`
--

DROP TABLE IF EXISTS `ranks`;
/*!40101 SET @saved_cs_client     = @@character_set_client */;
/*!40101 SET character_set_client = utf8 */;
CREATE TABLE `ranks` (
  `id` bigint(20) NOT NULL AUTO_INCREMENT,
  `name` varchar(255) DEFAULT NULL,
  `created_at` datetime(6) NOT NULL,
  `updated_at` datetime(6) NOT NULL,
  `background_color` varchar(255) DEFAULT NULL,
  `text_color` varchar(255) DEFAULT NULL,
  PRIMARY KEY (`id`)
) ENGINE=InnoDB AUTO_INCREMENT=7 DEFAULT CHARSET=utf8mb4;
/*!40101 SET character_set_client = @saved_cs_client */;

--
-- Dumping data for table `ranks`
--

LOCK TABLES `ranks` WRITE;
/*!40000 ALTER TABLE `ranks` DISABLE KEYS */;
INSERT INTO `ranks` VALUES (1,'ノーマルランク','2021-09-03 05:41:28.755480','2021-09-03 11:47:07.201733','#f8f9fa','#000000'),(2,'ブロンズランク','2021-09-03 05:41:43.175743','2021-09-03 11:47:14.328515','#ac6b25','#ffffff'),(3,'シルバーランク','2021-09-03 05:41:49.900652','2021-09-03 11:47:22.606769','#c0c0c0','#ffffff'),(4,'ゴールドランク','2021-09-03 05:41:56.715200','2021-09-03 11:47:28.741444','#ffd700','#ffffff'),(5,'のんべぇ','2021-09-03 11:49:38.151578','2021-09-03 11:49:38.151578','#ee82ee','#000000'),(6,'アル中','2021-09-03 11:50:19.313387','2021-09-03 11:50:19.313387','#8a2be2','#ffffff');
/*!40000 ALTER TABLE `ranks` ENABLE KEYS */;
UNLOCK TABLES;

--
-- Table structure for table `recipe_materials`
--

DROP TABLE IF EXISTS `recipe_materials`;
/*!40101 SET @saved_cs_client     = @@character_set_client */;
/*!40101 SET character_set_client = utf8 */;
CREATE TABLE `recipe_materials` (
  `id` bigint(20) NOT NULL AUTO_INCREMENT,
  `recipe_id` bigint(20) NOT NULL,
  `material_id` bigint(20) NOT NULL,
  `amount` varchar(255) NOT NULL,
  `created_at` datetime(6) NOT NULL,
  `updated_at` datetime(6) NOT NULL,
  `option_flag` tinyint(1) NOT NULL DEFAULT '0',
  `base_flag` tinyint(1) NOT NULL DEFAULT '0',
  PRIMARY KEY (`id`),
  KEY `fk_rails_cf55153585` (`recipe_id`),
  KEY `fk_rails_8d34a49dfe` (`material_id`),
  CONSTRAINT `fk_rails_8d34a49dfe` FOREIGN KEY (`material_id`) REFERENCES `materials` (`id`),
  CONSTRAINT `fk_rails_cf55153585` FOREIGN KEY (`recipe_id`) REFERENCES `recipes` (`id`)
) ENGINE=InnoDB AUTO_INCREMENT=1006 DEFAULT CHARSET=utf8mb4;
/*!40101 SET character_set_client = @saved_cs_client */;

--
-- Dumping data for table `recipe_materials`
--

LOCK TABLES `recipe_materials` WRITE;
/*!40000 ALTER TABLE `recipe_materials` DISABLE KEYS */;
INSERT INTO `recipe_materials` VALUES (1,1,74,'20ml','2021-05-17 04:13:53.585018','2021-05-20 06:37:38.228072',0,1),(2,1,89,'20ml','2021-05-17 04:13:53.611115','2021-05-17 04:13:53.611115',0,0),(3,1,96,'10ml','2021-05-17 04:13:53.634419','2021-05-17 04:13:53.634419',0,0),(4,1,115,'10ml','2021-05-17 04:13:53.651683','2021-05-17 04:13:53.651683',0,0),(5,2,69,'20ml','2021-05-17 04:13:53.668880','2021-05-20 06:37:27.297819',0,1),(6,2,14,'20ml','2021-05-17 04:13:53.686413','2021-05-17 04:13:53.686413',0,0),(7,2,24,'20ml','2021-05-17 04:13:53.702252','2021-05-17 04:13:53.702252',0,0),(8,2,109,'適量','2021-05-17 04:13:53.721275','2021-05-17 04:13:53.721275',1,0),(9,3,33,'1/2','2021-05-17 04:13:53.736995','2021-05-20 06:37:08.633191',0,1),(10,3,71,'1/2','2021-05-17 04:13:53.753813','2021-05-17 04:13:53.753813',0,0),(11,4,12,'45ml','2021-05-17 04:13:53.771769','2021-05-20 06:36:56.540363',0,1),(12,4,98,'15ml','2021-05-17 04:13:53.788896','2021-05-17 04:13:53.788896',0,0),(13,4,115,'20ml','2021-05-17 04:13:53.805643','2021-05-17 04:13:53.805643',0,0),(14,4,60,'適量','2021-05-17 04:13:53.821848','2021-05-17 04:13:53.821848',0,0),(15,4,114,'適量','2021-05-17 04:13:53.838270','2021-05-17 04:13:53.838270',1,0),(16,5,12,'30ml','2021-05-17 04:13:53.853874','2021-05-20 06:36:49.822845',0,1),(17,5,96,'15ml','2021-05-17 04:13:53.868816','2021-05-17 04:13:53.868816',0,0),(18,5,115,'15ml','2021-05-17 04:13:53.885159','2021-05-17 04:13:53.885159',0,0),(19,6,87,'45ml','2021-05-17 04:13:53.900874','2021-05-20 06:36:41.116278',0,1),(20,6,33,'30ml','2021-05-17 04:13:53.920207','2021-05-17 04:13:53.920207',0,0),(21,6,115,'15ml','2021-05-17 04:13:53.937563','2021-05-17 04:18:33.571124',0,0),(22,6,41,'5ml','2021-05-17 04:13:53.955376','2021-05-17 04:13:53.955376',1,0),(23,7,14,'30ml','2021-05-17 04:13:53.971992','2021-05-20 06:36:33.181992',0,1),(24,7,71,'適量','2021-05-17 04:13:53.987892','2021-05-17 04:13:53.987892',0,0),(25,7,114,'適量','2021-05-17 04:13:54.004172','2021-05-17 04:13:54.004172',1,0),(26,8,14,'30ml','2021-05-17 04:13:54.020908','2021-05-20 06:36:24.389626',0,1),(27,8,108,'90ml','2021-05-17 04:13:54.036712','2021-05-17 04:13:54.036712',0,0),(28,9,98,'30ml','2021-05-17 04:13:54.051743','2021-05-20 06:36:16.131261',0,1),(29,9,96,'15ml','2021-05-17 04:13:54.068182','2021-05-17 04:13:54.068182',0,0),(30,9,115,'15ml','2021-05-17 04:13:54.084793','2021-05-17 04:13:54.084793',0,0),(31,10,69,'30ml','2021-05-17 04:13:54.101111','2021-05-20 06:36:03.054480',0,1),(32,10,37,'15ml','2021-05-17 04:13:54.117329','2021-05-17 04:13:54.117329',0,0),(33,10,55,'適量','2021-05-17 04:13:54.133228','2021-05-17 04:13:54.133228',0,0),(34,10,109,'適量','2021-05-17 04:13:54.150199','2021-05-17 04:13:54.150199',1,0),(35,11,69,'45ml','2021-05-17 04:13:54.166283','2021-05-20 06:35:19.302758',0,1),(36,11,115,'30ml','2021-05-17 04:13:54.182747','2021-05-17 04:13:54.182747',0,0),(37,11,85,'15ml','2021-05-17 04:13:54.198589','2021-05-17 04:13:54.198589',0,0),(38,12,54,'90ml','2021-05-17 04:13:54.217992','2021-05-20 06:35:06.728794',0,1),(39,12,115,'5ml','2021-05-17 04:13:54.233993','2021-05-17 04:13:54.233993',0,0),(40,12,55,'適量','2021-05-17 04:13:54.249850','2021-05-17 04:13:54.249850',0,0),(41,13,74,'45ml','2021-05-17 04:13:54.265791','2021-05-20 06:34:49.521356',0,1),(42,13,19,'30ml','2021-05-17 04:13:54.281854','2021-05-17 04:13:54.281854',0,0),(43,13,115,'15ml','2021-05-17 04:13:54.298363','2021-05-17 04:13:54.298363',0,0),(44,13,60,'適量','2021-05-17 04:13:54.314958','2021-05-17 04:13:54.314958',0,0),(45,13,51,'5ml','2021-05-17 04:13:54.331228','2021-05-17 04:13:54.331228',1,0),(46,14,74,'40ml','2021-05-17 04:13:54.347756','2021-05-20 06:34:32.845874',0,1),(47,14,19,'20ml','2021-05-17 04:13:54.364805','2021-05-17 04:13:54.364805',0,0),(48,15,37,'15ml','2021-05-17 04:13:54.381071','2021-05-20 06:34:19.303035',0,1),(49,15,4,'60ml','2021-05-17 04:13:54.398455','2021-05-17 04:13:54.398455',0,0),(50,16,12,'45ml','2021-05-17 04:13:54.415491','2021-05-20 06:34:10.103367',0,1),(51,16,27,'適量','2021-05-17 04:13:54.433329','2021-05-17 04:13:54.433329',0,0),(52,17,37,'45ml','2021-05-17 04:13:54.450564','2021-05-20 06:34:03.416551',0,1),(53,17,19,'適量','2021-05-17 04:13:54.468337','2021-05-17 04:13:54.468337',0,0),(54,18,37,'30ml','2021-05-17 04:13:54.485369','2021-05-20 06:33:57.637357',0,1),(55,18,33,'90ml','2021-05-17 04:13:54.501803','2021-05-17 04:13:54.501803',0,0),(56,19,37,'30ml','2021-05-17 04:13:54.520310','2021-05-20 06:33:47.500816',0,1),(57,19,60,'適量','2021-05-17 04:13:54.536301','2021-05-17 04:13:54.536301',0,0),(58,20,37,'30ml','2021-05-17 04:13:54.552895','2021-05-20 06:33:29.944585',0,1),(59,20,27,'適量','2021-05-17 04:13:54.568723','2021-05-17 04:13:54.568723',0,0),(60,21,14,'20ml','2021-05-17 04:13:54.584491','2021-05-20 06:33:24.273830',0,1),(61,21,96,'20ml','2021-05-17 04:13:54.600826','2021-05-17 04:13:54.600826',0,0),(62,21,110,'20ml','2021-05-17 04:13:54.623226','2021-05-17 04:13:54.623226',0,0),(63,22,24,'45ml','2021-05-17 04:13:54.639014','2021-05-20 06:33:16.901792',0,1),(64,22,19,'適量','2021-05-17 04:13:54.654515','2021-05-17 04:13:54.654515',0,0),(65,23,24,'45ml','2021-05-17 04:13:54.671866','2021-05-20 06:33:10.110235',0,1),(66,23,60,'適量','2021-05-17 04:13:54.690875','2021-05-17 04:13:54.690875',0,0),(67,24,24,'45ml','2021-05-17 04:13:54.713358','2021-05-20 06:33:02.204837',0,1),(68,24,27,'適量','2021-05-17 04:13:54.734801','2021-05-17 04:13:54.734801',0,0),(69,25,37,'15ml','2021-05-17 04:13:54.754534','2021-05-17 04:13:54.754534',0,0),(70,25,54,'60ml','2021-05-17 04:13:54.775149','2021-05-20 06:32:55.684611',0,1),(71,26,4,'60ml','2021-05-17 04:13:54.797382','2021-05-20 06:32:36.526941',0,1),(72,26,55,'60ml','2021-05-17 04:13:54.818424','2021-05-17 04:13:54.818424',0,0),(73,27,74,'45ml','2021-05-17 04:13:54.841350','2021-05-20 06:32:27.612608',0,1),(74,27,110,'15ml','2021-05-17 04:13:54.863880','2021-05-17 04:13:54.863880',0,0),(75,27,51,'少々','2021-05-17 04:13:54.883804','2021-05-17 04:13:54.883804',1,0),(76,28,98,'45ml','2021-05-17 04:13:54.901821','2021-05-20 06:32:18.992367',0,1),(77,28,19,'適量','2021-05-17 04:13:54.920378','2021-05-17 04:13:54.920378',0,0),(78,29,69,'30ml','2021-05-17 04:13:54.938291','2021-05-20 06:32:06.948298',0,1),(79,29,33,'20ml','2021-05-17 04:13:54.957157','2021-05-17 04:13:54.957157',0,0),(80,29,115,'少々','2021-05-17 04:13:54.975226','2021-05-17 04:13:54.975226',0,0),(81,30,89,'30ml','2021-05-17 04:13:54.995843','2021-05-20 06:31:57.784363',0,1),(82,30,96,'15ml','2021-05-17 04:13:55.014010','2021-05-17 04:13:55.014010',0,0),(83,30,115,'15ml','2021-05-17 04:13:55.042292','2021-05-17 04:13:55.042292',0,0),(84,31,69,'30ml','2021-05-17 04:13:55.065310','2021-05-20 06:31:51.069776',0,1),(85,31,24,'15ml','2021-05-17 04:13:55.085211','2021-05-17 04:13:55.085211',0,0),(86,31,110,'15ml','2021-05-17 04:13:55.102070','2021-05-17 04:13:55.102070',0,0),(87,31,109,'適量','2021-05-17 04:13:55.120000','2021-05-17 04:13:55.120000',1,0),(88,32,74,'45ml','2021-05-17 04:13:55.136286','2021-05-20 06:31:42.715678',0,1),(89,32,79,'15ml','2021-05-17 04:13:55.155526','2021-05-17 04:13:55.155526',0,0),(90,32,16,'1個','2021-05-17 04:13:55.173407','2021-05-17 04:13:55.173407',1,0),(91,33,79,'45ml','2021-05-17 04:13:55.191855','2021-05-20 06:31:33.191850',0,1),(92,33,110,'15ml','2021-05-17 04:13:55.209161','2021-05-17 04:13:55.209161',0,0),(93,33,109,'適量','2021-05-17 04:13:55.228325','2021-05-17 04:13:55.228325',1,0),(94,34,74,'30ml','2021-05-17 04:13:55.247524','2021-05-20 06:31:26.027677',0,1),(95,34,96,'15ml','2021-05-17 04:13:55.264623','2021-05-17 04:13:55.264623',0,0),(96,34,33,'15ml','2021-05-17 04:13:55.283377','2021-05-17 04:13:55.283377',0,0),(97,34,98,'少々','2021-05-17 04:13:55.299931','2021-05-17 04:13:55.299931',0,0),(98,34,115,'少々','2021-05-17 04:13:55.317876','2021-05-17 04:13:55.317876',0,0),(99,35,98,'45ml','2021-05-17 04:13:55.335143','2021-05-20 06:31:16.101647',0,1),(100,35,110,'15ml','2021-05-17 04:13:55.354037','2021-05-17 04:13:55.354037',0,0),(101,35,55,'適量','2021-05-17 04:13:55.370740','2021-05-17 04:13:55.370740',0,0),(102,36,69,'45ml','2021-05-17 04:13:55.387909','2021-05-20 06:31:08.345418',0,1),(103,36,19,'適量','2021-05-17 04:13:55.407506','2021-05-17 04:13:55.407506',0,0),(104,37,67,'20ml','2021-05-17 04:13:55.424081','2021-05-20 06:30:56.889554',0,1),(105,37,96,'10ml','2021-05-17 04:13:55.441679','2021-05-17 04:13:55.441679',0,0),(106,37,33,'20ml','2021-05-17 04:13:55.458338','2021-05-17 04:13:55.458338',0,0),(107,37,110,'10ml','2021-05-17 04:13:55.478677','2021-05-17 04:13:55.478677',0,0),(108,38,74,'45ml','2021-05-17 04:13:55.497508','2021-05-20 06:30:45.153794',0,1),(109,38,71,'適量','2021-05-17 04:13:55.516352','2021-05-17 04:13:55.516352',0,0),(110,38,109,'適量','2021-05-17 04:13:55.534627','2021-05-17 04:13:55.534627',1,0),(111,39,74,'45ml','2021-05-17 04:13:55.557098','2021-05-20 06:30:37.819571',0,1),(112,39,115,'15ml','2021-05-17 04:13:55.587427','2021-05-17 04:13:55.587427',0,0),(113,39,55,'適量','2021-05-17 04:13:55.622621','2021-05-17 04:13:55.622621',0,0),(114,39,109,'適量','2021-05-17 04:13:55.647138','2021-05-17 04:13:55.647138',1,0),(115,40,74,'30ml','2021-05-17 04:13:55.666378','2021-05-20 06:30:25.938224',0,1),(116,40,108,'90ml','2021-05-17 04:13:55.690243','2021-05-17 04:13:55.690243',0,0),(117,41,74,'45ml','2021-05-17 04:13:55.707449','2021-05-20 06:30:19.950473',0,1),(118,41,110,'15ml','2021-05-17 04:13:55.725231','2021-05-17 04:13:55.725231',0,0),(119,41,109,'適量','2021-05-17 04:13:55.741899','2021-05-17 04:13:55.741899',1,0),(120,42,14,'45ml','2021-05-17 04:13:55.758417','2021-05-20 06:30:10.714261',0,1),(121,42,19,'適量','2021-05-17 04:13:55.774380','2021-05-17 04:13:55.774380',0,0),(122,43,98,'45ml','2021-05-17 04:13:55.790232','2021-05-20 06:30:04.192268',0,1),(123,43,89,'30ml','2021-05-17 04:13:55.807586','2021-05-17 04:13:55.807586',0,0),(124,43,19,'20ml','2021-05-17 04:13:55.823852','2021-05-17 04:13:55.823852',0,0),(125,43,115,'20ml','2021-05-17 04:13:55.840529','2021-05-17 04:13:55.840529',0,0),(126,43,110,'15ml','2021-05-17 04:13:55.857743','2021-05-17 04:13:55.857743',0,0),(127,43,109,'適量','2021-05-17 04:13:55.873967','2021-05-17 04:13:55.873967',1,0),(128,43,114,'適量','2021-05-17 04:13:55.891650','2021-05-17 04:13:55.891650',1,0),(129,43,17,'適量','2021-05-17 04:13:55.910373','2021-05-17 04:13:55.910373',1,0),(130,44,98,'60ml','2021-05-17 04:13:55.927130','2021-05-20 06:29:57.464894',0,1),(131,44,96,'少々','2021-05-17 04:13:55.945412','2021-05-17 04:13:55.945412',0,0),(132,45,54,'60ml','2021-05-17 04:13:55.961883','2021-05-20 06:29:47.824366',0,1),(133,45,60,'適量','2021-05-17 04:13:55.981452','2021-05-17 04:13:55.981452',0,0),(134,45,109,'適量','2021-05-17 04:13:55.998042','2021-05-17 04:13:55.998042',1,0),(135,46,54,'30ml','2021-05-17 04:13:56.015286','2021-05-20 06:29:40.827672',0,1),(136,46,89,'10ml','2021-05-17 04:13:56.032821','2021-05-17 04:13:56.032821',0,0),(137,46,55,'適量','2021-05-17 04:13:56.049434','2021-05-17 04:13:56.049434',0,0),(138,47,14,'50ml','2021-05-17 04:13:56.066026','2021-05-20 06:29:31.162688',0,1),(139,47,110,'10ml','2021-05-17 04:13:56.083085','2021-05-17 04:13:56.083085',0,0),(140,48,98,'45ml','2021-05-17 04:13:56.099792','2021-05-20 06:29:18.615160',0,1),(141,48,33,'45ml','2021-05-17 04:13:56.116451','2021-05-17 04:13:56.116451',0,0),(142,48,71,'適量','2021-05-17 04:13:56.132670','2021-05-17 04:13:56.132670',0,0),(143,49,14,'45ml','2021-05-17 04:13:56.150546','2021-05-20 06:29:08.530096',0,1),(144,49,33,'適量','2021-05-17 04:13:56.167207','2021-05-17 04:13:56.167207',0,0),(145,49,53,'スノースタイル','2021-05-17 04:13:56.184139','2021-05-17 04:13:56.184139',0,0),(146,50,69,'45ml','2021-05-17 04:13:56.201182','2021-05-20 06:28:59.547727',0,1),(147,50,33,'適量','2021-05-17 04:13:56.220754','2021-05-17 04:13:56.220754',0,0),(148,50,53,'スノースタイル','2021-05-17 04:13:56.238108','2021-05-17 04:13:56.238108',0,0),(149,51,14,'30ml','2021-05-17 04:13:56.254883','2021-05-20 06:28:48.776908',0,1),(150,51,33,'45ml','2021-05-17 04:13:56.277208','2021-05-17 04:13:56.277208',0,0),(151,51,71,'45ml','2021-05-17 04:13:56.298682','2021-05-17 04:13:56.298682',0,0),(152,51,53,'スノースタイル','2021-05-17 04:13:56.326204','2021-05-17 04:13:56.326204',0,0),(153,52,89,'40ml','2021-05-17 04:13:56.345552','2021-05-20 06:28:37.470677',0,1),(154,52,24,'20ml','2021-05-17 04:13:56.363497','2021-05-17 04:13:56.363497',0,0),(155,53,37,'15ml','2021-05-17 04:13:56.380663','2021-05-20 06:28:30.938471',0,1),(156,53,66,'15ml','2021-05-17 04:13:56.398435','2021-05-17 04:13:56.398435',0,0),(157,53,60,'適量','2021-05-17 04:13:56.415521','2021-05-17 04:13:56.415521',0,0),(158,54,74,'40ml','2021-05-17 04:13:56.433442','2021-05-20 06:28:22.166105',0,1),(159,54,66,'15ml','2021-05-17 04:13:56.451057','2021-05-17 04:13:56.451057',0,0),(160,54,110,'15ml','2021-05-17 04:13:56.469258','2021-05-17 04:13:56.469258',0,0),(161,54,109,'適量','2021-05-17 04:13:56.488001','2021-05-17 04:13:56.488001',1,0),(162,55,67,'30ml','2021-05-17 04:13:56.506176','2021-05-28 09:45:00.476380',0,1),(163,55,33,'適量','2021-05-17 04:13:56.524281','2021-05-17 04:13:56.524281',0,0),(164,56,67,'30ml','2021-05-17 04:13:56.544764','2021-05-20 06:28:13.840504',0,1),(165,56,33,'30ml','2021-05-17 04:13:56.562151','2021-05-17 04:13:56.562151',0,0),(166,56,71,'適量','2021-05-17 04:13:56.582790','2021-05-17 04:13:56.582790',0,0),(167,57,4,'1/2','2021-05-17 04:13:56.601063','2021-05-20 06:28:01.306306',0,1),(168,57,60,'1/2','2021-05-17 04:13:56.620354','2021-05-17 04:13:56.620354',0,0),(169,58,69,'45ml','2021-05-17 04:13:56.642422','2021-05-20 06:27:52.958277',0,1),(170,58,33,'90ml','2021-05-17 04:13:56.670069','2021-05-17 04:13:56.670069',0,0),(171,58,96,'10ml','2021-05-17 04:13:56.688026','2021-05-17 04:13:56.688026',0,0),(172,59,69,'45ml','2021-05-17 04:13:56.704514','2021-05-20 06:27:45.849282',0,1),(173,59,71,'適量','2021-05-17 04:13:56.721653','2021-05-17 04:13:56.721653',0,0),(174,59,114,'適量','2021-05-17 04:13:56.739142','2021-05-17 04:13:56.739142',1,0),(175,60,74,'45ml','2021-05-17 04:13:56.756588','2021-05-20 06:27:39.173290',0,1),(176,60,55,'適量','2021-05-17 04:13:56.774950','2021-05-17 04:13:56.774950',0,0),(177,60,109,'適量','2021-05-17 04:13:56.792398','2021-05-17 04:13:56.792398',1,0),(178,61,14,'20ml','2021-05-17 04:13:56.812331','2021-05-20 03:58:02.851323',0,1),(179,61,96,'20ml','2021-05-17 04:13:56.829845','2021-05-17 04:13:56.829845',0,0),(180,61,115,'20ml','2021-05-17 04:13:56.847761','2021-05-17 04:13:56.847761',0,0),(181,62,87,'15ml','2021-05-17 04:13:56.865063','2021-05-20 03:57:52.644561',0,1),(182,62,101,'15ml','2021-05-17 04:13:56.884484','2021-05-17 04:13:56.884484',0,0),(183,62,19,'適量','2021-05-17 04:13:56.903755','2021-05-17 04:13:56.903755',0,0),(184,62,17,'適量','2021-05-17 04:13:56.923586','2021-05-17 04:13:56.923586',1,0),(185,63,12,'45ml','2021-05-17 04:13:56.941571','2021-05-20 03:57:44.196806',0,1),(186,63,60,'適量','2021-05-17 04:13:56.957994','2021-05-17 04:13:56.957994',0,0),(187,64,98,'45ml','2021-05-17 04:13:56.973267','2021-05-20 03:57:37.666891',0,1),(188,64,115,'15ml','2021-05-17 04:13:56.990857','2021-05-17 04:13:56.990857',0,0),(189,64,85,'5ml','2021-05-17 04:13:57.008034','2021-05-17 04:13:57.008034',0,0),(190,65,14,'30ml','2021-05-17 04:13:57.025284','2021-05-20 03:57:30.895171',0,1),(191,65,96,'15ml','2021-05-17 04:13:57.042471','2021-05-17 04:13:57.042471',0,0),(192,65,115,'15ml','2021-05-17 04:13:57.060153','2021-05-17 04:13:57.060153',0,0),(193,66,14,'60ml','2021-05-17 04:13:57.078575','2021-05-20 03:57:24.733953',0,1),(194,66,37,'15ml','2021-05-17 04:13:57.099666','2021-05-17 04:13:57.099666',0,0),(195,66,115,'5ml','2021-05-17 04:13:57.117413','2021-05-17 04:13:57.117413',0,0),(196,67,69,'40ml','2021-05-17 04:13:57.135293','2021-05-20 03:57:18.146975',0,1),(197,67,33,'20ml','2021-05-17 04:13:57.153243','2021-05-17 04:13:57.153243',0,0),(198,67,71,'30ml','2021-05-17 04:13:57.170812','2021-05-17 04:13:57.170812',0,0),(199,68,74,'45ml','2021-05-17 04:13:57.189801','2021-05-20 03:57:09.518899',0,1),(200,68,115,'15ml','2021-05-17 04:13:57.210550','2021-05-17 04:13:57.210550',0,0),(201,68,85,'5ml','2021-05-17 04:13:57.227103','2021-05-17 04:13:57.227103',0,0),(202,69,87,'45ml','2021-05-17 04:13:57.247941','2021-05-20 03:57:03.168420',0,1),(203,69,71,'適量','2021-05-17 04:13:57.265877','2021-05-17 04:13:57.265877',0,0),(204,69,114,'適量','2021-05-17 04:13:57.283510','2021-05-17 04:13:57.283510',1,0),(205,70,80,'25ml','2021-05-17 04:13:57.301075','2021-05-20 03:56:53.491790',0,1),(206,70,33,'25ml','2021-05-17 04:13:57.319451','2021-05-17 04:13:57.319451',0,0),(207,70,85,'10ml','2021-05-17 04:13:57.336404','2021-05-17 04:13:57.336404',0,0),(208,71,89,'20ml','2021-05-17 04:13:57.354766','2021-05-20 03:56:46.215025',0,1),(209,71,98,'20ml','2021-05-17 04:13:57.371585','2021-05-17 04:13:57.371585',0,0),(210,71,96,'20ml','2021-05-17 04:13:57.389198','2021-05-17 04:13:57.389198',0,0),(211,71,115,'5ml','2021-05-17 04:13:57.407946','2021-05-17 04:13:57.407946',0,0),(212,72,87,'30ml','2021-05-17 04:13:57.424603','2021-05-20 03:56:36.159790',0,1),(213,72,19,'適量','2021-05-17 04:13:57.442037','2021-05-17 04:13:57.442037',0,0),(214,72,17,'適量','2021-05-17 04:13:57.459082','2021-05-17 04:13:57.459082',1,0),(215,73,14,'40ml','2021-05-17 04:13:57.482112','2021-05-20 03:56:29.664556',0,1),(216,73,24,'20ml','2021-05-17 04:13:57.499406','2021-05-17 04:13:57.499406',0,0),(217,74,98,'30ml','2021-05-17 04:13:57.519061','2021-05-20 03:56:23.144167',0,1),(218,74,19,'20ml','2021-05-17 04:13:57.536515','2021-05-17 04:13:57.536515',0,0),(219,74,115,'10ml','2021-05-17 04:13:57.553470','2021-05-17 04:13:57.553470',0,0),(220,75,89,'45ml','2021-05-17 04:13:57.571561','2021-05-20 03:56:15.526966',0,1),(221,75,115,'15ml','2021-05-17 04:13:57.590399','2021-05-17 04:13:57.590399',0,0),(222,75,55,'適量','2021-05-17 04:13:57.608972','2021-05-17 04:13:57.608972',0,0),(223,75,114,'適量','2021-05-17 04:13:57.626337','2021-05-17 04:13:57.626337',1,0),(224,76,14,'45ml','2021-05-17 04:13:57.644279','2021-05-20 03:55:58.806051',0,1),(225,76,33,'適量','2021-05-17 04:13:57.663797','2021-05-17 04:13:57.663797',0,0),(226,77,74,'45ml','2021-05-17 04:13:57.680830','2021-05-20 03:55:51.641651',0,1),(227,77,19,'30ml','2021-05-17 04:13:57.699851','2021-05-17 04:13:57.699851',0,0),(228,77,55,'適量','2021-05-17 04:13:57.717509','2021-05-17 04:13:57.717509',0,0),(229,78,69,'40ml','2021-05-17 04:13:57.734876','2021-05-20 03:55:44.624211',0,1),(230,78,24,'20ml','2021-05-17 04:13:57.753474','2021-05-17 04:13:57.753474',0,0),(231,79,69,'40ml','2021-05-17 04:13:57.772243','2021-05-20 03:55:29.846903',0,1),(232,79,96,'20ml','2021-05-17 04:13:57.792002','2021-05-17 04:13:57.792002',0,0),(233,80,98,'45ml','2021-05-17 04:13:57.811862','2021-05-20 03:55:21.763943',0,1),(234,80,33,'20ml','2021-05-17 04:13:57.830329','2021-05-17 04:13:57.830329',0,0),(235,80,115,'10ml','2021-05-17 04:13:57.851151','2021-05-17 04:13:57.851151',0,0),(236,81,74,'30ml','2021-05-17 04:13:57.868741','2021-05-20 03:55:10.758005',0,1),(237,81,96,'15ml','2021-05-17 04:13:57.886576','2021-05-17 04:13:57.886576',0,0),(238,81,115,'15ml','2021-05-17 04:13:57.904908','2021-05-17 04:13:57.904908',0,0),(239,82,69,'30ml','2021-05-17 04:13:57.923182','2021-05-20 03:54:58.137896',0,1),(240,82,96,'15ml','2021-05-17 04:13:57.942772','2021-05-17 04:13:57.942772',0,0),(241,82,115,'15ml','2021-05-17 04:13:57.960456','2021-05-17 04:13:57.960456',0,0),(242,82,53,'スノースタイル','2021-05-17 04:13:57.979279','2021-05-17 04:13:57.979279',1,0),(243,83,101,'45ml','2021-05-17 04:13:57.997044','2021-05-20 03:54:51.299422',0,1),(244,83,19,'適量','2021-05-17 04:13:58.014741','2021-05-17 04:13:58.014741',0,0),(245,84,101,'45ml','2021-05-17 04:13:58.042066','2021-05-20 03:54:44.404356',0,1),(246,84,27,'適量','2021-05-17 04:13:58.083549','2021-05-17 04:13:58.083549',0,0),(247,85,101,'1/4','2021-05-17 04:13:58.112147','2021-05-20 03:54:38.818490',0,1),(248,85,106,'1/4','2021-05-17 04:13:58.136757','2021-05-17 04:13:58.136757',0,0),(249,85,60,'1/2','2021-05-17 04:13:58.159307','2021-05-17 04:13:58.159307',0,0),(250,86,69,'45ml','2021-05-17 04:13:58.188346','2021-05-20 03:54:32.383660',0,1),(251,86,37,'15ml','2021-05-17 04:13:58.219686','2021-05-17 04:13:58.219686',0,0),(252,86,110,'15ml','2021-05-17 04:13:58.240264','2021-05-17 04:13:58.240264',0,0),(253,86,55,'適量','2021-05-17 04:13:58.257804','2021-05-17 04:13:58.257804',0,0),(254,86,109,'適量','2021-05-17 04:13:58.275767','2021-05-17 04:13:58.275767',1,0),(255,87,69,'45ml','2021-05-17 04:13:58.293256','2021-05-20 03:54:26.296344',0,1),(256,87,110,'15ml','2021-05-17 04:13:58.310727','2021-05-17 04:13:58.310727',0,0),(257,87,55,'適量','2021-05-17 04:13:58.331461','2021-05-17 04:13:58.331461',0,0),(258,88,69,'45ml','2021-05-17 04:13:58.348857','2021-05-20 03:54:18.586360',0,1),(259,88,37,'15ml','2021-05-17 04:13:58.367563','2021-05-17 04:13:58.367563',0,0),(260,88,115,'15ml','2021-05-17 04:13:58.386264','2021-05-17 04:13:58.386264',0,0),(261,89,14,'45ml','2021-05-17 04:13:58.404650','2021-05-20 03:54:04.377679',0,1),(262,89,110,'15ml','2021-05-17 04:13:58.422171','2021-05-17 04:13:58.422171',0,0),(263,89,55,'適量','2021-05-17 04:13:58.440335','2021-05-17 04:13:58.440335',0,0),(264,90,98,'45ml','2021-05-17 04:13:58.457637','2021-05-20 03:53:54.960940',0,1),(265,90,33,'適量','2021-05-17 04:13:58.477114','2021-05-17 04:13:58.477114',0,0),(266,91,14,'40ml','2021-05-17 04:13:58.495736','2021-05-20 03:53:47.742184',0,1),(267,91,96,'10ml','2021-05-17 04:13:58.515514','2021-05-17 04:13:58.515514',0,0),(268,91,110,'10ml','2021-05-17 04:13:58.541203','2021-05-17 04:13:58.541203',0,0),(269,91,104,'1個','2021-05-17 04:13:58.573472','2021-05-17 04:13:58.573472',1,0),(270,92,106,'1/4','2021-05-17 04:13:58.594314','2021-05-20 03:53:40.186421',0,1),(271,92,19,'3/4','2021-05-17 04:13:58.612741','2021-05-17 04:13:58.612741',0,0),(272,93,106,'1/4','2021-05-17 04:13:58.630291','2021-05-20 03:53:33.260684',0,1),(273,93,55,'3/4','2021-05-17 04:13:58.649544','2021-05-17 04:13:58.649544',0,0),(274,94,106,'45ml','2021-05-17 04:13:58.666827','2021-05-20 03:53:26.853209',0,1),(275,94,27,'適量','2021-05-17 04:13:58.684066','2021-05-17 04:13:58.684066',0,0),(276,95,67,'30ml','2021-05-17 04:13:58.703719','2021-05-20 03:53:19.396829',0,1),(277,95,37,'20ml','2021-05-17 04:13:58.724523','2021-05-17 04:13:58.724523',0,0),(278,95,33,'適量','2021-05-17 04:13:58.747632','2021-05-17 04:13:58.747632',0,0),(279,96,98,'45ml','2021-05-17 04:13:58.767313','2021-05-20 03:53:11.456480',0,1),(280,96,89,'少々','2021-05-17 04:13:58.785058','2021-05-17 04:13:58.785058',0,0),(281,96,115,'少々','2021-05-17 04:13:58.802736','2021-05-17 04:13:58.802736',0,0),(282,97,98,'45ml','2021-05-17 04:13:58.821297','2021-05-20 03:53:02.349011',0,1),(283,97,71,'適量','2021-05-17 04:13:58.838586','2021-05-17 04:13:58.838586',0,0),(284,97,114,'適量','2021-05-17 04:13:58.855819','2021-05-17 04:13:58.855819',1,0),(285,98,98,'30ml','2021-05-17 04:13:58.874602','2021-05-20 03:52:53.955730',0,1),(286,98,74,'30ml','2021-05-17 04:13:58.891835','2021-05-17 04:13:58.891835',0,0),(287,99,14,'40ml','2021-05-17 04:13:58.912549','2021-05-20 03:52:47.592354',0,1),(288,99,37,'10ml','2021-05-17 04:13:58.931556','2021-05-17 04:13:58.931556',0,0),(289,99,115,'10ml','2021-05-17 04:13:58.949347','2021-05-17 04:13:58.949347',0,0),(290,100,98,'30ml','2021-05-17 04:13:58.967578','2021-05-20 03:52:37.871856',0,1),(291,100,90,'20ml','2021-05-17 04:13:58.986712','2021-05-17 04:13:58.986712',0,0),(292,100,110,'10ml','2021-05-17 04:13:59.003576','2021-05-17 04:13:59.003576',0,0),(293,101,67,'30ml','2021-05-17 04:13:59.022241','2021-05-20 03:52:30.719981',0,1),(294,101,90,'10ml','2021-05-17 04:13:59.040481','2021-05-17 04:13:59.040481',0,0),(295,101,33,'適量','2021-05-17 04:13:59.057850','2021-05-17 04:13:59.057850',0,0),(296,102,14,'30ml','2021-05-17 04:13:59.076187','2021-05-20 03:52:24.513173',0,1),(297,102,69,'15ml','2021-05-17 04:13:59.094212','2021-05-17 04:13:59.094212',0,0),(298,102,96,'15ml','2021-05-17 04:13:59.113221','2021-05-17 04:13:59.113221',0,0),(299,102,90,'5ml','2021-05-17 04:13:59.131592','2021-05-17 04:13:59.131592',0,0),(300,102,115,'5ml','2021-05-17 04:13:59.149717','2021-05-17 04:13:59.149717',0,0),(301,103,14,'30ml','2021-05-17 04:13:59.167507','2021-05-20 03:52:15.846943',0,1),(302,103,115,'15ml','2021-05-17 04:13:59.184625','2021-05-17 04:13:59.184625',0,0),(303,103,90,'5ml','2021-05-17 04:13:59.203072','2021-05-17 04:13:59.203072',0,0),(304,103,71,'適量','2021-05-17 04:13:59.222496','2021-05-17 04:13:59.222496',0,0),(305,103,114,'適量','2021-05-17 04:13:59.240342','2021-05-17 04:13:59.240342',1,0),(306,104,69,'30ml','2021-05-17 04:13:59.257757','2021-05-20 03:52:08.535151',0,1),(307,104,90,'15ml','2021-05-17 04:13:59.276065','2021-05-17 04:13:59.276065',0,0),(308,104,115,'15ml','2021-05-17 04:13:59.293641','2021-05-17 04:13:59.293641',0,0),(309,104,53,'スノースタイル','2021-05-17 04:13:59.310724','2021-05-17 04:13:59.310724',1,0),(310,105,14,'45ml','2021-05-17 04:13:59.329189','2021-05-20 03:52:00.702693',0,1),(311,105,96,'15ml','2021-05-17 04:13:59.344771','2021-05-17 04:13:59.344771',0,0),(312,105,90,'5ml','2021-05-17 04:13:59.361071','2021-05-17 04:13:59.361071',0,0),(313,106,14,'30ml','2021-05-17 04:13:59.377414','2021-05-20 03:51:51.303750',0,1),(314,106,90,'20ml','2021-05-17 04:13:59.395038','2021-05-17 04:13:59.395038',0,0),(315,106,115,'20ml','2021-05-17 04:13:59.411396','2021-05-17 04:13:59.411396',0,0),(316,106,17,'適量','2021-05-17 04:13:59.427484','2021-05-17 04:13:59.427484',1,0),(317,106,114,'適量','2021-05-17 04:13:59.444628','2021-05-17 04:13:59.444628',1,0),(318,106,64,'1個','2021-05-17 04:13:59.461536','2021-05-17 04:13:59.461536',1,0),(319,107,89,'30ml','2021-05-17 04:13:59.479250','2021-05-20 03:51:40.084985',0,1),(320,107,90,'10ml','2021-05-17 04:13:59.495490','2021-05-17 04:13:59.495490',0,0),(321,107,71,'適量','2021-05-17 04:13:59.514815','2021-05-17 04:13:59.514815',0,0),(322,108,69,'40ml','2021-05-17 04:13:59.531785','2021-05-20 03:51:31.610650',0,1),(323,108,96,'20ml','2021-05-17 04:13:59.547400','2021-05-17 04:13:59.547400',0,0),(324,108,33,'40ml','2021-05-17 04:13:59.562992','2021-05-17 04:13:59.562992',0,0),(325,108,41,'5ml','2021-05-17 04:13:59.579875','2021-05-17 04:13:59.579875',0,0),(326,109,74,'20ml','2021-05-17 04:13:59.597489','2021-05-20 03:51:23.351651',0,1),(327,109,89,'20ml','2021-05-17 04:13:59.613825','2021-05-17 04:13:59.613825',0,0),(328,109,115,'20ml','2021-05-17 04:13:59.630569','2021-05-17 04:13:59.630569',0,0),(329,109,41,'10ml','2021-05-17 04:13:59.647379','2021-05-17 04:13:59.647379',0,0),(330,109,60,'適量','2021-05-17 04:13:59.668148','2021-05-17 04:13:59.668148',0,0),(331,109,114,'適量','2021-05-17 04:13:59.692054','2021-05-17 04:13:59.692054',1,0),(332,110,12,'45ml','2021-05-17 04:13:59.717553','2021-05-20 03:51:13.070304',0,1),(333,110,115,'20ml','2021-05-17 04:13:59.736308','2021-05-17 04:13:59.736308',0,0),(334,110,41,'10ml','2021-05-17 04:13:59.752860','2021-05-17 04:13:59.752860',0,0),(335,110,114,'適量','2021-05-17 04:13:59.769615','2021-05-17 04:13:59.769615',1,0),(336,110,105,'適量','2021-05-17 04:13:59.785620','2021-05-17 04:13:59.785620',1,0),(337,111,98,'60ml','2021-05-17 04:13:59.802346','2021-05-20 03:51:07.739407',0,1),(338,111,19,'20ml','2021-05-17 04:13:59.823469','2021-05-17 04:13:59.823469',0,0),(339,111,115,'5ml','2021-05-17 04:13:59.840955','2021-05-17 04:13:59.840955',0,0),(340,111,41,'5ml','2021-05-17 04:13:59.857782','2021-05-17 04:13:59.857782',0,0),(341,112,14,'30ml','2021-05-17 04:13:59.875325','2021-05-20 03:51:00.016985',0,1),(342,112,37,'10ml','2021-05-17 04:13:59.891371','2021-05-17 04:13:59.891371',0,0),(343,112,33,'5ml','2021-05-17 04:13:59.908698','2021-05-17 04:13:59.908698',0,0),(344,112,115,'5ml','2021-05-17 04:13:59.925843','2021-05-17 04:13:59.925843',0,0),(345,112,41,'10ml','2021-05-17 04:13:59.942186','2021-05-17 04:13:59.942186',0,0),(346,113,89,'45ml','2021-05-17 04:13:59.958590','2021-05-20 03:50:53.473636',0,1),(347,113,19,'適量','2021-05-17 04:13:59.974650','2021-05-17 04:13:59.974650',0,0),(348,113,41,'10ml','2021-05-17 04:13:59.992809','2021-05-17 04:13:59.992809',0,0),(349,114,89,'20ml','2021-05-17 04:14:00.009902','2021-05-20 03:50:46.048190',0,1),(350,114,98,'20ml','2021-05-17 04:14:00.028171','2021-05-17 04:14:00.028171',0,0),(351,114,115,'10ml','2021-05-17 04:14:00.044155','2021-05-17 04:14:00.044155',0,0),(352,114,41,'10ml','2021-05-17 04:14:00.062345','2021-05-17 04:14:00.062345',0,0),(353,115,41,'30ml','2021-05-17 04:14:00.079768','2021-05-17 04:14:00.079768',0,0),(354,115,71,'適量','2021-05-17 04:14:00.100033','2021-05-20 03:50:33.382487',0,1),(355,115,114,'適量','2021-05-17 04:14:00.119165','2021-05-17 04:14:00.119165',1,0),(356,116,74,'45ml','2021-05-17 04:14:00.136533','2021-05-20 03:50:22.636733',0,1),(357,116,115,'20ml','2021-05-17 04:14:00.154176','2021-05-17 04:14:00.154176',0,0),(358,116,41,'20ml','2021-05-17 04:14:00.171367','2021-05-17 04:14:00.171367',0,0),(359,116,60,'適量','2021-05-17 04:14:00.187849','2021-05-17 04:14:00.187849',0,0),(360,117,98,'20ml','2021-05-17 04:14:00.205670','2021-05-20 03:50:14.035448',0,1),(361,117,89,'20ml','2021-05-17 04:14:00.222858','2021-05-17 04:14:00.222858',0,0),(362,117,96,'5ml','2021-05-17 04:14:00.240873','2021-05-17 04:14:00.240873',0,0),(363,117,115,'5ml','2021-05-17 04:14:00.257848','2021-05-17 04:14:00.257848',0,0),(364,117,41,'5ml','2021-05-17 04:14:00.275432','2021-05-17 04:14:00.275432',0,0),(365,118,98,'50ml','2021-05-17 04:14:00.294044','2021-05-20 03:50:05.826984',0,1),(366,118,110,'10ml','2021-05-17 04:14:00.316463','2021-05-17 04:14:00.316463',0,0),(367,118,41,'10ml','2021-05-17 04:14:00.346352','2021-05-17 04:14:00.346352',0,0),(368,119,69,'30ml','2021-05-17 04:14:00.371412','2021-05-20 03:49:57.055254',0,1),(369,119,96,'10ml','2021-05-17 04:14:00.389061','2021-05-17 04:14:00.389061',0,0),(370,119,19,'10ml','2021-05-17 04:14:00.407064','2021-05-17 04:14:00.407064',0,0),(371,119,115,'10ml','2021-05-17 04:14:00.424388','2021-05-17 04:14:00.424388',0,0),(372,119,41,'5ml','2021-05-17 04:14:00.444889','2021-05-17 04:14:00.444889',0,0),(373,119,116,'適量','2021-05-17 04:14:00.463767','2021-05-17 04:14:00.463767',1,0),(374,120,41,'20ml','2021-05-17 04:14:00.482045','2021-05-17 04:14:00.482045',0,0),(375,120,55,'適量','2021-05-17 04:14:00.499063','2021-05-20 03:49:46.039355',0,1),(376,120,114,'適量','2021-05-17 04:14:00.516808','2021-05-17 04:14:00.516808',1,0),(377,121,74,'45ml','2021-05-17 04:14:00.534219','2021-05-20 03:49:35.900777',0,1),(378,121,115,'20ml','2021-05-17 04:14:00.550881','2021-05-17 04:14:00.550881',0,0),(379,121,41,'10ml','2021-05-17 04:14:00.567793','2021-05-17 04:14:00.567793',0,0),(380,121,114,'適量','2021-05-17 04:14:00.584248','2021-05-17 04:14:00.584248',1,0),(381,121,105,'適量','2021-05-17 04:14:00.600328','2021-05-17 04:14:00.600328',1,0),(382,122,98,'30ml','2021-05-17 04:14:00.617192','2021-05-20 03:49:27.657446',0,1),(383,122,74,'30ml','2021-05-17 04:14:00.633534','2021-05-17 04:14:00.633534',0,0),(384,122,41,'5ml','2021-05-17 04:14:00.650708','2021-05-17 04:14:00.650708',0,0),(385,122,115,'5ml','2021-05-17 04:14:00.666877','2021-05-17 04:14:00.666877',0,0),(386,123,89,'45ml','2021-05-17 04:14:00.683424','2021-05-20 03:49:19.852610',0,1),(387,123,98,'15ml','2021-05-17 04:14:00.700057','2021-05-17 04:14:00.700057',0,0),(388,123,115,'少々','2021-05-17 04:14:00.719334','2021-05-17 04:14:00.719334',0,0),(389,123,41,'5ml','2021-05-17 04:14:00.736015','2021-05-17 04:14:00.736015',0,0),(390,124,69,'45ml','2021-05-17 04:14:00.752353','2021-05-20 03:49:12.973018',0,1),(391,124,115,'45ml','2021-05-17 04:14:00.769627','2021-05-17 04:14:00.769627',0,0),(392,124,41,'10ml','2021-05-17 04:14:00.788902','2021-05-17 04:14:00.788902',0,0),(393,124,114,'適量','2021-05-17 04:14:00.826772','2021-05-17 04:14:00.826772',1,0),(394,124,64,'適量','2021-05-17 04:14:00.850890','2021-05-17 04:14:00.850890',1,0),(395,125,69,'45ml','2021-05-17 04:14:00.870539','2021-05-20 03:49:07.235913',0,1),(396,125,19,'適量','2021-05-17 04:14:00.891857','2021-05-17 04:14:00.891857',0,0),(397,125,41,'10ml','2021-05-17 04:14:00.913890','2021-05-17 04:14:00.913890',0,0),(398,126,98,'40ml','2021-05-17 04:14:00.930067','2021-05-20 03:48:55.185686',0,1),(399,126,96,'10ml','2021-05-17 04:14:00.947142','2021-05-17 04:14:00.947142',0,0),(400,126,115,'20ml','2021-05-17 04:14:00.965441','2021-05-17 04:14:00.965441',0,0),(401,126,41,'10ml','2021-05-17 04:14:00.984780','2021-05-17 04:14:00.984780',0,0),(402,127,98,'30ml','2021-05-17 04:14:01.002891','2021-05-20 03:48:42.135737',0,1),(403,127,110,'30ml','2021-05-17 04:14:01.021112','2021-05-17 04:14:01.021112',0,0),(404,127,41,'5ml','2021-05-17 04:14:01.038237','2021-05-17 04:14:01.038237',0,0),(405,128,89,'50ml','2021-05-17 04:14:01.056856','2021-05-20 03:48:34.782373',0,1),(406,128,115,'10ml','2021-05-17 04:14:01.077562','2021-05-17 04:14:01.077562',0,0),(407,128,41,'少々','2021-05-17 04:14:01.100402','2021-05-17 04:14:01.100402',0,0),(408,129,89,'45ml','2021-05-17 04:14:01.117775','2021-05-20 03:48:27.924690',0,1),(409,129,115,'20ml','2021-05-17 04:14:01.134899','2021-05-17 04:14:01.134899',0,0),(410,129,41,'10ml','2021-05-17 04:14:01.152252','2021-05-17 04:14:01.152252',0,0),(411,129,114,'適量','2021-05-17 04:14:01.170249','2021-05-17 04:14:01.170249',1,0),(412,129,105,'適量','2021-05-17 04:14:01.187374','2021-05-17 04:14:01.187374',1,0),(413,130,98,'45ml','2021-05-17 04:14:01.206438','2021-05-20 03:48:14.997672',0,1),(414,130,110,'20ml','2021-05-17 04:14:01.224501','2021-05-17 04:14:01.224501',0,0),(415,130,41,'5ml','2021-05-17 04:14:01.242523','2021-05-17 04:14:01.242523',0,0),(416,130,60,'適量','2021-05-17 04:14:01.259737','2021-05-17 04:14:01.259737',0,0),(417,131,98,'45ml','2021-05-17 04:14:01.279028','2021-05-20 03:48:07.733328',0,1),(418,131,115,'20ml','2021-05-17 04:14:01.295850','2021-05-17 04:14:01.295850',0,0),(419,131,41,'10ml','2021-05-17 04:14:01.313664','2021-05-17 04:14:01.313664',0,0),(420,131,114,'適量','2021-05-17 04:14:01.330730','2021-05-17 04:14:01.330730',1,0),(421,131,105,'適量','2021-05-17 04:14:01.348202','2021-05-17 04:14:01.348202',1,0),(422,132,98,'30ml','2021-05-17 04:14:01.368375','2021-05-20 03:47:58.339492',0,1),(423,132,41,'15ml','2021-05-17 04:14:01.385816','2021-05-17 04:14:01.385816',0,0),(424,132,19,'10ml','2021-05-17 04:14:01.403602','2021-05-17 04:14:01.403602',0,0),(425,132,115,'10ml','2021-05-17 04:14:01.421822','2021-05-17 04:14:01.421822',0,0),(426,133,12,'30ml','2021-05-17 04:14:01.440026','2021-05-20 03:47:50.173301',0,1),(427,133,19,'15ml','2021-05-17 04:14:01.457466','2021-05-17 04:14:01.457466',0,0),(428,133,115,'15ml','2021-05-17 04:14:01.475454','2021-05-17 04:14:01.475454',0,0),(429,133,41,'5ml','2021-05-17 04:14:01.495028','2021-05-17 04:14:01.495028',0,0),(430,134,14,'45ml','2021-05-17 04:14:01.513120','2021-05-20 03:47:43.238001',0,1),(431,134,83,'15ml','2021-05-17 04:14:01.531178','2021-05-17 04:14:01.531178',0,0),(432,134,96,'5ml','2021-05-17 04:14:01.549322','2021-05-17 04:14:01.549322',0,0),(433,134,110,'5ml','2021-05-17 04:14:01.567973','2021-05-17 04:14:01.567973',0,0),(434,135,14,'20ml','2021-05-17 04:14:01.585490','2021-05-20 03:47:35.795033',0,1),(435,135,96,'10ml','2021-05-17 04:14:01.602621','2021-05-17 04:14:01.602621',0,0),(436,135,83,'30ml','2021-05-17 04:14:01.620387','2021-05-17 04:14:01.620387',0,0),(437,136,98,'30ml','2021-05-17 04:14:01.637901','2021-05-20 03:47:26.935028',0,1),(438,136,83,'20ml','2021-05-17 04:14:01.657251','2021-05-17 04:14:01.657251',0,0),(439,136,115,'10ml','2021-05-17 04:14:01.673940','2021-05-17 04:14:01.673940',0,0),(440,137,14,'30ml','2021-05-17 04:14:01.690746','2021-05-20 03:47:18.127388',0,1),(441,137,87,'30ml','2021-05-17 04:14:01.712596','2021-05-17 04:14:01.712596',0,0),(442,137,90,'15ml','2021-05-17 04:14:01.736334','2021-05-17 04:14:01.736334',0,0),(443,137,33,'60ml','2021-05-17 04:14:01.753973','2021-05-17 04:14:01.753973',0,0),(444,137,83,'15ml','2021-05-17 04:14:01.771237','2021-05-17 04:14:01.771237',0,0),(445,138,80,'40ml','2021-05-17 04:14:01.787952','2021-05-20 03:47:07.166217',0,1),(446,138,83,'20ml','2021-05-17 04:14:01.804625','2021-05-17 04:14:01.804625',0,0),(447,139,19,'30ml','2021-05-17 04:14:01.821441','2021-05-20 03:47:00.018025',0,1),(448,139,83,'30ml','2021-05-17 04:14:01.838264','2021-05-17 04:14:01.838264',0,0),(449,139,115,'30ml','2021-05-17 04:14:01.854795','2021-05-17 04:14:01.854795',0,0),(450,140,69,'30ml','2021-05-17 04:14:01.872128','2021-05-20 03:46:46.226454',0,1),(451,140,83,'45ml','2021-05-17 04:14:01.888872','2021-05-17 04:14:01.888872',0,0),(452,140,115,'10ml','2021-05-17 04:14:01.905651','2021-05-17 04:14:01.905651',0,0),(453,140,41,'少々','2021-05-17 04:14:01.922474','2021-05-17 04:14:01.922474',0,0),(454,141,74,'40ml','2021-05-17 04:14:01.938679','2021-05-20 03:46:36.809964',0,1),(455,141,83,'20ml','2021-05-17 04:14:01.958230','2021-05-17 04:14:01.958230',0,0),(456,141,41,'10ml','2021-05-17 04:14:01.974132','2021-05-17 04:14:01.974132',0,0),(457,142,19,'60ml','2021-05-17 04:14:01.990666','2021-05-20 03:46:29.700931',0,1),(458,142,83,'60ml','2021-05-17 04:14:02.008202','2021-05-17 04:14:02.008202',0,0),(459,142,33,'20ml','2021-05-17 04:14:02.026108','2021-05-17 04:14:02.026108',0,0),(460,142,41,'少々','2021-05-17 04:14:02.043544','2021-05-17 04:14:02.043544',0,0),(461,142,17,'適量','2021-05-17 04:14:02.060786','2021-05-17 04:14:02.060786',1,0),(462,143,14,'20ml','2021-05-17 04:14:02.077818','2021-05-20 03:46:14.822331',0,1),(463,143,87,'20ml','2021-05-17 04:14:02.094743','2021-05-17 04:14:02.094743',0,0),(464,143,83,'20ml','2021-05-17 04:14:02.111701','2021-05-17 04:14:02.111701',0,0),(465,143,115,'10ml','2021-05-17 04:14:02.129332','2021-05-17 04:14:02.129332',0,0),(466,143,41,'5ml','2021-05-17 04:14:02.145235','2021-05-17 04:14:02.145235',0,0),(467,144,19,'80ml','2021-05-17 04:14:02.161428','2021-05-20 03:46:04.051395',0,1),(468,144,83,'60ml','2021-05-17 04:14:02.177460','2021-05-17 04:14:02.177460',0,0),(469,144,115,'20ml','2021-05-17 04:14:02.195008','2021-05-17 04:14:02.195008',0,0),(470,144,41,'少々','2021-05-17 04:14:02.211531','2021-05-17 04:14:02.211531',0,0),(471,144,17,'適量','2021-05-17 04:14:02.229896','2021-05-17 04:14:02.229896',1,0),(472,144,64,'1個','2021-05-17 04:14:02.249571','2021-05-17 04:14:02.249571',1,0),(473,145,98,'30ml','2021-05-17 04:14:02.267201','2021-05-20 03:45:50.843057',0,1),(474,145,90,'15ml','2021-05-17 04:14:02.285745','2021-05-17 04:14:02.285745',0,0),(475,145,83,'30ml','2021-05-17 04:14:02.306440','2021-05-17 04:14:02.306440',0,0),(476,145,115,'15ml','2021-05-17 04:14:02.338205','2021-05-17 04:14:02.338205',0,0),(477,146,69,'30ml','2021-05-17 04:14:02.360898','2021-05-20 03:45:41.673506',0,1),(478,146,83,'45ml','2021-05-17 04:14:02.379456','2021-05-17 04:14:02.379456',0,0),(479,146,110,'15ml','2021-05-17 04:14:02.397959','2021-05-17 04:14:02.397959',0,0),(480,147,69,'30ml','2021-05-17 04:14:02.415248','2021-05-20 03:45:34.067604',0,1),(481,147,83,'30ml','2021-05-17 04:14:02.433087','2021-05-17 04:14:02.433087',0,0),(482,147,41,'少々','2021-05-17 04:14:02.452903','2021-05-17 04:14:02.452903',0,0),(483,148,83,'30ml','2021-05-17 04:14:02.471104','2021-05-17 04:14:02.471104',0,0),(484,148,19,'30ml','2021-05-17 04:14:02.497242','2021-05-17 04:14:02.497242',0,0),(485,148,115,'15ml','2021-05-17 04:14:02.517438','2021-05-17 04:14:02.517438',0,0),(486,148,41,'15ml','2021-05-17 04:14:02.536350','2021-05-17 04:14:02.536350',0,0),(487,148,55,'適量','2021-05-17 04:14:02.556740','2021-05-20 03:45:22.435901',0,1),(488,148,114,'適量','2021-05-17 04:14:02.577724','2021-05-17 04:14:02.577724',1,0),(489,148,64,'1個','2021-05-17 04:14:02.595392','2021-05-17 04:14:02.595392',1,0),(490,149,74,'20ml','2021-05-17 04:14:02.614062','2021-05-20 03:45:12.338151',0,1),(491,149,96,'20ml','2021-05-17 04:14:02.631505','2021-05-17 04:14:02.631505',0,0),(492,149,83,'20ml','2021-05-17 04:14:02.649670','2021-05-17 04:14:02.649670',0,0),(493,150,102,'20ml','2021-05-17 06:06:41.225897','2021-05-20 03:45:05.344063',0,1),(494,150,96,'20ml','2021-05-17 06:06:53.539581','2021-05-17 06:06:53.539581',0,0),(495,150,115,'20ml','2021-05-17 06:07:05.243388','2021-05-17 06:07:05.243388',0,0),(496,150,64,'1個','2021-05-17 06:07:30.425544','2021-05-17 06:07:30.425544',1,0),(497,151,67,'30ml','2021-05-17 06:08:09.916358','2021-05-20 03:44:56.108744',0,1),(498,151,102,'10ml','2021-05-17 06:08:22.985163','2021-05-17 06:08:22.985163',0,0),(499,151,33,'60ml','2021-05-17 06:08:43.628251','2021-05-17 06:08:43.628251',0,0),(500,152,14,'15ml','2021-05-17 06:09:30.832073','2021-05-20 03:44:49.256347',0,1),(501,152,102,'30ml','2021-05-17 06:09:45.267743','2021-05-17 06:09:45.267743',0,0),(502,152,83,'15ml','2021-05-17 06:09:57.800592','2021-05-17 06:09:57.800592',0,0),(503,153,69,'40ml','2021-05-17 06:10:46.648853','2021-05-20 03:44:40.225672',0,1),(504,153,90,'10ml','2021-05-17 06:11:03.204000','2021-05-17 06:11:03.204000',0,0),(505,153,110,'10ml','2021-05-17 06:11:16.001263','2021-05-17 06:11:16.001263',0,0),(506,153,102,'5ml','2021-05-17 06:12:05.129398','2021-05-17 06:12:05.129398',0,0),(507,154,14,'40ml','2021-05-17 06:12:44.229414','2021-05-20 03:44:33.828913',0,1),(508,154,102,'30ml','2021-05-17 06:12:54.977364','2021-05-17 06:12:54.977364',0,0),(509,154,19,'20ml','2021-05-17 06:13:12.291985','2021-05-17 06:13:12.291985',0,0),(510,154,115,'10ml','2021-05-17 06:13:23.888335','2021-05-17 06:13:23.888335',0,0),(511,154,41,'5ml','2021-05-17 06:13:35.145051','2021-05-17 06:13:35.145051',0,0),(512,154,60,'適量','2021-05-17 06:13:46.879561','2021-05-17 06:13:46.879561',0,0),(513,154,114,'適量','2021-05-17 06:14:01.859129','2021-05-17 06:14:01.859129',1,0),(514,154,64,'1個','2021-05-17 06:14:19.417830','2021-05-17 06:14:19.417830',1,0),(515,155,102,'30ml','2021-05-17 06:15:18.726764','2021-05-20 03:44:25.575409',0,1),(516,155,33,'30ml','2021-05-17 06:15:34.200646','2021-05-17 06:15:34.200646',0,0),(517,155,71,'適量','2021-05-17 06:15:45.399700','2021-05-17 06:15:45.399700',0,0),(518,156,69,'45ml','2021-05-17 06:16:30.787889','2021-05-20 03:44:18.963851',0,1),(519,156,102,'20ml','2021-05-17 06:16:43.393332','2021-05-17 06:16:43.393332',0,0),(520,156,115,'20ml','2021-05-17 06:16:57.748017','2021-05-17 06:16:57.748017',0,0),(521,156,53,'スノースタイル','2021-05-17 06:17:14.416407','2021-05-17 06:17:14.416407',1,0),(522,157,102,'45ml','2021-05-17 06:17:58.395370','2021-05-20 03:44:08.109470',0,1),(523,157,27,'適量','2021-05-17 06:18:21.504506','2021-05-17 06:18:21.504506',0,0),(524,158,102,'40ml','2021-05-17 06:18:59.379136','2021-05-20 03:44:01.427957',0,1),(525,158,14,'20ml','2021-05-17 06:19:15.916007','2021-05-17 06:19:15.916007',0,0),(526,158,19,'適量','2021-05-17 06:19:34.597577','2021-05-17 06:19:34.597577',0,0),(527,159,98,'40ml','2021-05-17 07:25:55.055265','2021-05-20 03:43:54.411856',0,1),(528,159,96,'10ml','2021-05-17 07:26:08.469735','2021-05-17 07:26:08.469735',0,0),(529,159,115,'10ml','2021-05-17 07:26:22.747975','2021-05-17 07:26:22.747975',0,0),(530,159,51,'5ml','2021-05-17 07:26:33.843065','2021-05-17 07:26:33.843065',0,0),(531,160,4,'30ml','2021-05-17 07:27:21.344931','2021-05-20 03:43:47.632378',0,1),(532,160,115,'40ml','2021-05-17 07:27:35.101322','2021-05-17 07:27:35.101322',0,0),(533,160,103,'適量','2021-05-17 07:28:07.809456','2021-05-17 07:28:07.809456',0,0),(534,160,51,'15ml','2021-05-17 07:28:27.704666','2021-05-17 07:28:27.704666',1,0),(535,161,69,'45ml','2021-05-17 07:29:00.232733','2021-05-20 03:43:40.650228',0,1),(536,161,19,'適量','2021-05-17 07:29:11.295125','2021-05-17 07:29:11.295125',0,0),(537,161,51,'5ml','2021-05-17 07:29:22.565840','2021-05-17 07:29:22.565840',0,0),(538,161,17,'適量','2021-05-17 07:29:38.039492','2021-05-17 07:29:38.039492',1,0),(539,162,98,'45ml','2021-05-17 07:30:37.363277','2021-05-20 03:43:33.633895',0,1),(540,162,33,'45ml','2021-05-17 07:30:51.226840','2021-05-17 07:30:51.226840',0,0),(541,162,51,'5ml','2021-05-17 07:31:03.884291','2021-05-17 07:31:03.884291',0,0),(542,162,41,'5ml','2021-05-17 07:31:17.589816','2021-05-17 07:31:17.589816',0,0),(543,163,12,'40ml','2021-05-17 07:31:55.885342','2021-05-20 03:43:27.729120',0,1),(544,163,115,'20ml','2021-05-17 07:32:11.137300','2021-05-17 07:32:11.137300',0,0),(545,163,51,'5ml','2021-05-17 07:32:24.704437','2021-05-17 07:32:24.704437',0,0),(546,163,114,'適量','2021-05-17 07:32:40.602497','2021-05-17 07:32:40.602497',1,0),(547,163,64,'1個','2021-05-17 07:32:57.136077','2021-05-17 07:32:57.136077',1,0),(548,164,14,'45ml','2021-05-17 07:33:29.922819','2021-05-20 03:43:20.803347',0,1),(549,164,115,'15ml','2021-05-17 07:33:39.900944','2021-05-17 07:33:39.900944',0,0),(550,164,51,'5ml','2021-05-17 07:33:51.012836','2021-05-17 07:33:51.012836',0,0),(551,164,60,'適量','2021-05-17 07:34:02.963927','2021-05-17 07:34:02.963927',0,0),(552,165,80,'45ml','2021-05-17 07:34:44.349959','2021-05-28 09:44:19.600134',0,1),(553,165,115,'15ml','2021-05-17 07:34:56.553288','2021-05-17 07:34:56.553288',0,0),(554,165,51,'5ml','2021-05-17 07:35:08.436744','2021-05-17 07:35:08.436744',0,0),(555,165,60,'適量','2021-05-17 07:35:18.701463','2021-05-17 07:35:18.701463',0,0),(556,166,12,'45ml','2021-05-17 07:35:55.879841','2021-05-17 07:35:55.879841',0,0),(557,166,115,'20ml','2021-05-17 07:36:05.599165','2021-05-17 07:36:05.599165',0,0),(558,166,110,'10ml','2021-05-17 07:36:17.947580','2021-05-17 07:36:17.947580',0,0),(559,166,41,'5ml','2021-05-17 07:36:33.442033','2021-05-17 07:36:33.442033',0,0),(560,166,51,'5ml','2021-05-17 07:36:45.453222','2021-05-17 07:36:45.453222',0,0),(561,166,60,'適量','2021-05-17 07:36:56.450609','2021-05-20 03:42:52.130530',0,1),(562,167,12,'45ml','2021-05-17 07:37:26.811907','2021-05-20 03:42:39.967553',0,1),(563,167,115,'15ml','2021-05-17 07:37:35.637846','2021-05-17 07:37:35.637846',0,0),(564,167,51,'5ml','2021-05-17 07:37:45.287078','2021-05-17 07:37:45.287078',0,0),(565,167,55,'適量','2021-05-17 07:37:57.084896','2021-05-17 07:37:57.084896',0,0),(566,168,14,'30ml','2021-05-17 07:38:34.019661','2021-05-20 03:42:31.703019',0,1),(567,168,89,'30ml','2021-05-17 07:38:45.094974','2021-05-17 07:38:45.094974',0,0),(568,168,110,'15ml','2021-05-17 07:38:55.142932','2021-05-17 07:38:55.142932',0,0),(569,168,51,'5ml','2021-05-17 07:39:05.509265','2021-05-17 07:39:05.509265',0,0),(570,169,79,'45ml','2021-05-17 07:39:40.715324','2021-05-20 03:42:24.335828',0,1),(571,169,115,'15ml','2021-05-17 07:39:50.460244','2021-05-17 07:39:50.460244',0,0),(572,169,51,'5ml','2021-05-17 07:40:00.150079','2021-05-17 07:40:00.150079',0,0),(573,169,60,'適量','2021-05-17 07:40:15.307272','2021-05-17 07:40:15.307272',0,0),(574,169,114,'適量','2021-05-17 07:40:34.669921','2021-05-17 07:40:34.669921',1,0),(575,169,64,'1個','2021-05-17 07:40:49.863448','2021-05-17 07:40:49.863448',1,0),(576,170,110,'30ml','2021-05-17 07:41:31.569362','2021-05-20 03:43:06.974596',0,0),(577,170,41,'15ml','2021-05-17 07:41:42.207970','2021-05-17 07:41:42.207970',0,0),(578,170,51,'10ml','2021-05-17 07:41:55.639204','2021-05-17 07:41:55.639204',0,0),(579,170,60,'適量','2021-05-17 07:42:05.573322','2021-05-20 03:43:00.161651',0,1),(580,171,110,'20ml','2021-05-17 07:42:40.386206','2021-05-17 07:42:40.386206',0,0),(581,171,51,'5ml','2021-05-17 07:42:50.936307','2021-05-17 07:42:50.936307',0,0),(582,171,55,'適量','2021-05-17 07:43:04.843480','2021-05-20 03:42:06.611464',0,1),(583,172,74,'45ml','2021-05-17 07:43:35.332711','2021-05-20 03:41:52.109581',0,1),(584,172,98,'15ml','2021-05-17 07:43:47.967030','2021-05-17 07:43:47.967030',0,0),(585,172,115,'少々','2021-05-17 07:43:59.897967','2021-05-17 07:43:59.897967',0,0),(586,172,51,'少々','2021-05-17 07:44:10.716048','2021-05-17 07:44:10.716048',0,0),(587,173,12,'45ml','2021-05-17 07:44:49.294570','2021-05-20 03:41:41.146494',0,1),(588,173,115,'15ml','2021-05-17 07:44:57.586393','2021-05-17 07:44:57.586393',0,0),(589,173,51,'5ml','2021-05-17 07:45:12.089296','2021-05-17 07:45:12.089296',0,0),(590,173,60,'適量','2021-05-17 07:45:21.781332','2021-05-17 07:45:21.781332',0,0),(591,174,74,'40ml','2021-05-17 07:45:54.799250','2021-05-20 03:41:30.402593',0,1),(592,174,115,'20ml','2021-05-17 07:46:04.866167','2021-05-17 07:46:04.866167',0,0),(593,174,51,'5ml','2021-05-17 07:46:15.436479','2021-05-17 07:46:15.436479',0,0),(594,174,114,'適量','2021-05-17 07:46:28.620640','2021-05-17 07:46:28.620640',1,0),(595,174,64,'1個','2021-05-17 07:46:41.837725','2021-05-17 07:46:41.837725',1,0),(596,175,74,'45ml','2021-05-17 07:47:27.833274','2021-05-20 03:24:52.002523',0,1),(597,175,115,'15ml','2021-05-17 07:47:36.243879','2021-05-17 07:47:36.243879',0,0),(598,175,51,'10ml','2021-05-17 07:47:45.126340','2021-05-17 07:47:45.126340',0,0),(599,175,60,'適量','2021-05-17 07:47:57.790296','2021-05-17 07:47:57.790296',0,0),(600,176,98,'45ml','2021-05-17 07:48:32.344750','2021-05-20 03:24:42.292678',0,1),(601,176,110,'15ml','2021-05-17 07:48:41.988762','2021-05-17 07:48:41.988762',0,0),(602,176,51,'5ml','2021-05-17 07:48:52.433977','2021-05-17 07:48:52.433977',0,0),(603,177,66,'40ml','2021-05-17 07:49:34.447343','2021-05-20 03:24:36.223854',0,1),(604,177,115,'20ml','2021-05-17 07:49:45.047675','2021-05-17 07:49:45.047675',0,0),(605,177,51,'5ml','2021-05-17 07:49:55.642904','2021-05-17 07:49:55.642904',0,0),(606,177,19,'40ml','2021-05-17 07:50:10.966273','2021-05-17 07:50:10.966273',0,0),(607,177,114,'適量','2021-05-17 07:50:29.235726','2021-05-17 07:50:29.235726',1,0),(608,177,64,'1個','2021-05-17 07:50:53.601663','2021-05-17 07:50:53.601663',1,0),(609,178,69,'45ml','2021-05-17 07:51:38.876828','2021-05-20 03:24:30.626159',0,1),(610,178,115,'15ml','2021-05-17 07:51:47.744797','2021-05-17 07:51:47.744797',0,0),(611,178,51,'10ml','2021-05-17 07:51:57.430524','2021-05-17 07:51:57.430524',0,0),(612,178,60,'適量','2021-05-17 07:52:23.516510','2021-05-17 07:52:23.516510',0,0),(613,179,74,'45ml','2021-05-17 07:52:54.149003','2021-05-20 03:24:24.694560',0,1),(614,179,19,'20ml','2021-05-17 07:53:06.384825','2021-05-17 07:53:06.384825',0,0),(615,179,51,'10ml','2021-05-17 07:53:23.857434','2021-05-17 07:53:23.857434',0,0),(616,179,60,'適量','2021-05-17 07:53:41.115673','2021-05-17 07:53:41.115673',0,0),(617,180,80,'45ml','2021-05-17 07:54:21.399875','2021-05-20 03:24:16.320423',0,1),(618,180,110,'15ml','2021-05-17 07:54:31.430781','2021-05-17 07:54:31.430781',0,0),(619,180,41,'少々','2021-05-17 07:54:42.254229','2021-05-17 07:54:42.254229',0,0),(620,180,51,'5ml','2021-05-17 07:54:55.989027','2021-05-17 07:54:55.989027',0,0),(621,181,98,'45ml','2021-05-17 07:55:38.611189','2021-05-20 03:24:08.428666',0,1),(622,181,83,'20ml','2021-05-17 07:55:51.426326','2021-05-17 07:55:51.426326',0,0),(623,181,51,'5ml','2021-05-17 07:56:03.816620','2021-05-17 07:56:03.816620',0,0),(624,181,60,'適量','2021-05-17 07:56:18.967353','2021-05-17 07:56:18.967353',0,0),(625,182,98,'30ml','2021-05-17 07:57:01.884883','2021-05-20 03:24:01.807387',0,1),(626,182,83,'30ml','2021-05-17 07:57:13.040262','2021-05-17 07:57:13.040262',0,0),(627,182,51,'5ml','2021-05-17 07:57:22.592968','2021-05-17 07:57:22.592968',0,0),(628,183,87,'45ml','2021-05-17 07:58:05.273111','2021-05-20 03:23:50.994300',0,1),(629,183,115,'10ml','2021-05-17 07:58:15.618845','2021-05-17 07:58:15.618845',0,0),(630,183,51,'5ml','2021-05-17 07:58:23.458477','2021-05-17 07:58:23.458477',0,0),(631,183,60,'適量','2021-05-17 07:58:37.318837','2021-05-17 07:58:37.318837',0,0),(632,183,114,'適量','2021-05-17 07:58:50.243585','2021-05-17 07:58:50.243585',1,0),(633,184,89,'60ml','2021-05-17 07:59:34.275221','2021-05-20 03:23:44.905060',0,1),(634,184,115,'20ml','2021-05-17 07:59:54.565187','2021-05-17 07:59:54.565187',0,0),(635,184,51,'5ml','2021-05-17 08:00:05.460668','2021-05-17 08:00:05.460668',0,0),(636,184,60,'適量','2021-05-17 08:00:15.571851','2021-05-17 08:00:15.571851',0,0),(637,184,114,'適量','2021-05-17 08:00:29.079154','2021-05-17 08:00:29.079154',1,0),(638,184,64,'1個','2021-05-17 08:00:42.448454','2021-05-17 08:00:42.448454',1,0),(639,185,4,'適量','2021-05-17 08:02:25.022326','2021-05-20 03:23:35.272639',0,1),(640,185,19,'15ml','2021-05-17 08:02:40.034509','2021-05-17 08:02:40.034509',0,0),(641,185,115,'10ml','2021-05-17 08:03:01.676935','2021-05-17 08:03:01.676935',0,0),(642,185,51,'5ml','2021-05-17 08:03:16.076039','2021-05-17 08:03:16.076039',0,0),(643,186,89,'40ml','2021-05-17 08:03:52.591015','2021-05-20 03:23:26.565426',0,1),(644,186,115,'20ml','2021-05-17 08:04:00.918979','2021-05-17 08:04:00.918979',0,0),(645,186,51,'5ml','2021-05-17 08:04:17.306158','2021-05-17 08:04:17.306158',0,0),(646,186,114,'適量','2021-05-17 08:04:25.280749','2021-05-17 08:04:25.280749',1,0),(647,186,64,'1個','2021-05-17 08:04:43.466232','2021-05-17 08:04:43.466232',1,0),(648,187,89,'40ml','2021-05-17 08:05:24.587070','2021-05-20 03:23:19.641600',0,1),(649,187,27,'120ml','2021-05-17 08:05:41.535408','2021-05-17 08:05:41.535408',0,0),(650,187,51,'5ml','2021-05-17 08:05:52.058949','2021-05-17 08:05:52.058949',0,0),(651,187,77,'適量','2021-05-17 08:06:06.799550','2021-05-17 08:06:06.799550',1,0),(652,188,98,'40ml','2021-05-17 08:06:55.491876','2021-05-20 03:23:13.265618',0,1),(653,188,110,'10ml','2021-05-17 08:07:13.558771','2021-05-17 08:07:13.558771',0,0),(654,188,96,'5ml','2021-05-17 08:07:28.057807','2021-05-17 08:07:28.057807',0,0),(655,188,51,'5ml','2021-05-17 08:07:39.791512','2021-05-17 08:07:39.791512',0,0),(656,188,109,'適量','2021-05-17 08:07:52.400477','2021-05-17 08:07:52.400477',1,0),(657,188,105,'適量','2021-05-17 08:08:01.822223','2021-05-17 08:08:01.822223',1,0),(658,189,69,'30ml','2021-05-17 08:09:04.743559','2021-05-20 03:23:01.801207',0,1),(659,189,110,'15ml','2021-05-17 08:09:14.019550','2021-05-17 08:09:14.019550',0,0),(660,189,87,'15ml','2021-05-17 08:09:23.461057','2021-05-17 08:09:23.461057',0,0),(661,189,51,'5ml','2021-05-17 08:09:33.616113','2021-05-17 08:09:33.616113',0,0),(662,189,53,'スノースタイル','2021-05-17 08:09:56.243122','2021-05-17 08:09:56.243122',1,0),(663,190,69,'30ml','2021-05-17 08:10:31.715594','2021-05-28 09:45:33.225578',0,1),(664,190,110,'15ml','2021-05-17 08:10:41.978274','2021-05-17 08:10:41.978274',0,0),(665,190,96,'15ml','2021-05-17 08:10:54.842300','2021-05-17 08:10:54.842300',0,0),(666,190,51,'5ml','2021-05-17 08:11:05.309679','2021-05-17 08:11:05.309679',0,0),(667,190,53,'スノースタイル','2021-05-17 08:11:23.618561','2021-05-17 08:11:23.618561',1,0),(668,191,69,'30ml','2021-05-17 08:12:22.668563','2021-05-20 03:22:48.884625',0,1),(669,191,19,'15ml','2021-05-17 08:12:33.283624','2021-05-17 08:12:33.283624',0,0),(670,191,115,'15ml','2021-05-17 08:12:41.526172','2021-05-17 08:12:41.526172',0,0),(671,191,51,'5ml','2021-05-17 08:12:50.193149','2021-05-17 08:12:50.193149',0,0),(672,192,98,'45ml','2021-05-17 08:13:40.963982','2021-05-20 03:22:40.449148',0,1),(673,192,115,'15ml','2021-05-17 08:13:50.783679','2021-05-17 08:13:50.783679',0,0),(674,192,51,'5ml','2021-05-17 08:14:02.121256','2021-05-17 08:14:02.121256',0,0),(675,192,55,'適量','2021-05-17 08:14:16.864554','2021-05-17 08:14:16.864554',0,0),(676,193,27,'100ml','2021-05-17 08:15:03.740657','2021-05-20 03:22:30.944232',0,1),(677,193,63,'1個','2021-05-17 08:15:16.178431','2021-05-17 08:15:16.178431',0,0),(678,193,51,'10ml','2021-05-17 08:15:29.431918','2021-05-17 08:15:29.431918',0,0),(679,194,115,'20ml','2021-05-17 08:16:09.814417','2021-05-17 08:16:09.814417',0,0),(680,194,51,'10ml','2021-05-17 08:16:22.430774','2021-05-17 08:16:22.430774',0,0),(681,194,63,'1個','2021-05-17 08:16:37.644835','2021-05-17 08:16:37.644835',0,0),(682,194,55,'適量','2021-05-17 08:16:47.813369','2021-05-20 03:22:22.035806',0,1),(683,194,114,'適量','2021-05-17 08:17:00.071430','2021-05-17 08:17:00.071430',1,0),(684,194,64,'1個','2021-05-17 08:17:12.712751','2021-05-17 08:17:12.712751',1,0),(685,195,98,'60ml','2021-05-17 08:17:47.867128','2021-05-20 03:21:53.439421',0,1),(686,195,115,'20ml','2021-05-17 08:17:59.605305','2021-05-17 08:17:59.605305',0,0),(687,195,51,'5ml','2021-05-17 08:18:20.018523','2021-05-17 08:18:20.018523',0,0),(688,195,60,'適量','2021-05-17 08:18:33.931404','2021-05-17 08:18:33.931404',0,0),(689,196,74,'45ml','2021-05-17 08:19:16.730870','2021-05-20 03:21:42.505567',0,1),(690,196,115,'20ml','2021-05-17 08:19:25.761711','2021-05-17 08:19:25.761711',0,0),(691,196,51,'5ml','2021-05-17 08:19:40.679641','2021-05-17 08:19:40.679641',0,0),(692,196,63,'1個','2021-05-17 08:19:53.362757','2021-05-17 08:19:53.362757',0,0),(693,196,60,'適量','2021-05-17 08:20:02.509080','2021-05-17 08:20:02.509080',0,0),(694,197,4,'45ml','2021-05-17 08:20:57.979039','2021-05-20 03:21:34.126416',0,1),(695,197,96,'10ml','2021-05-17 08:21:11.717966','2021-05-17 08:21:11.717966',0,0),(696,197,115,'15ml','2021-05-17 08:21:20.988976','2021-05-17 08:21:20.988976',0,0),(697,197,51,'10ml','2021-05-17 08:21:34.043151','2021-05-17 08:21:34.043151',0,0),(698,197,60,'適量','2021-05-17 08:21:42.247029','2021-05-17 08:21:42.247029',0,0),(699,197,114,'適量','2021-05-17 08:21:58.524834','2021-05-17 08:21:58.524834',1,0),(700,197,17,'適量','2021-05-17 08:22:12.964704','2021-05-17 08:22:12.964704',1,0),(701,197,64,'1個','2021-05-17 08:22:28.252194','2021-05-17 08:22:28.252194',1,0),(702,198,12,'45ml','2021-05-17 08:23:45.169546','2021-05-20 03:21:16.985871',0,1),(703,198,103,'適量','2021-05-17 08:23:54.950947','2021-05-17 08:23:54.950947',0,0),(704,199,98,'45ml','2021-05-17 08:24:46.059576','2021-05-20 03:20:39.772094',0,1),(705,199,110,'15ml','2021-05-17 08:24:58.008531','2021-05-17 08:24:58.008531',0,0),(706,199,85,'15ml','2021-05-17 08:25:08.248118','2021-05-17 08:25:08.248118',0,0),(707,199,103,'20ml','2021-05-17 08:25:25.530921','2021-05-17 08:25:25.530921',0,0),(708,200,74,'60ml','2021-05-17 08:26:09.857448','2021-05-20 03:20:31.563447',0,1),(709,200,115,'30ml','2021-05-17 08:26:22.160788','2021-05-17 08:26:22.160788',0,0),(710,200,51,'10ml','2021-05-17 08:26:35.598940','2021-05-17 08:26:35.598940',0,0),(711,200,103,'30ml','2021-05-17 08:26:54.334833','2021-05-17 08:26:54.334833',0,0),(712,200,114,'適量','2021-05-17 08:27:04.396203','2021-05-17 08:27:04.396203',1,0),(713,201,98,'40ml','2021-05-17 12:29:14.819413','2021-05-20 03:20:23.703108',0,1),(714,201,75,'20ml','2021-05-17 12:29:30.819632','2021-05-17 12:29:30.819632',0,0),(715,201,89,'20ml','2021-05-17 12:29:42.484779','2021-05-17 12:29:42.484779',0,0),(716,201,74,'20ml','2021-05-17 12:30:01.667386','2021-05-17 12:30:01.667386',0,0),(717,201,110,'20ml','2021-05-17 12:30:18.321574','2021-05-17 12:30:18.321574',0,0),(718,202,14,'45ml','2021-05-17 12:31:02.268108','2021-05-20 03:20:15.718960',0,1),(719,202,75,'15ml','2021-05-17 12:31:15.540763','2021-05-17 12:31:15.540763',0,0),(720,202,116,'適量','2021-05-17 12:31:33.715962','2021-05-17 12:31:33.715962',1,0),(721,202,16,'1個','2021-05-17 12:31:49.220314','2021-05-17 12:31:49.220314',1,0),(722,203,74,'55ml','2021-05-17 12:32:34.121398','2021-05-20 03:20:09.276985',0,1),(723,203,75,'5ml','2021-05-17 12:32:47.787088','2021-05-17 12:32:47.787088',0,0),(724,203,16,'1個','2021-05-17 12:33:02.361978','2021-05-17 12:33:02.361978',1,0),(725,204,74,'45ml','2021-05-17 12:33:47.760420','2021-05-20 03:20:00.687187',0,1),(726,204,75,'45ml','2021-05-17 12:34:00.652584','2021-05-17 12:34:00.652584',0,0),(727,204,115,'5ml','2021-05-17 12:34:09.883042','2021-05-17 12:34:09.883042',0,0),(728,204,60,'適量','2021-05-17 12:34:22.831751','2021-05-17 12:34:22.831751',0,0),(729,205,98,'30ml','2021-05-17 12:35:01.852348','2021-05-20 03:19:52.247022',0,1),(730,205,87,'15ml','2021-05-17 12:35:18.405862','2021-05-17 12:35:18.405862',0,0),(731,205,75,'15ml','2021-05-17 12:35:30.868265','2021-05-17 12:35:30.868265',0,0),(732,206,74,'40ml','2021-05-17 12:36:15.256628','2021-05-20 03:19:43.746048',0,1),(733,206,75,'20ml','2021-05-17 12:36:25.679777','2021-05-17 12:36:25.679777',0,0),(734,206,41,'少々','2021-05-17 12:36:36.447286','2021-05-17 12:36:36.447286',0,0),(735,207,14,'30ml','2021-05-17 12:37:11.872608','2021-05-20 03:19:36.820292',0,1),(736,207,96,'15ml','2021-05-17 12:37:23.547468','2021-05-17 12:37:23.547468',0,0),(737,207,75,'15ml','2021-05-17 12:37:40.176053','2021-05-17 12:37:40.176053',0,0),(738,208,74,'30ml','2021-05-17 12:38:22.819404','2021-05-20 03:19:27.078714',0,1),(739,208,75,'30ml','2021-05-17 12:38:39.956496','2021-05-17 12:38:39.956496',0,0),(740,208,116,'適量','2021-05-17 12:38:58.391109','2021-05-17 12:38:58.391109',1,0),(741,209,75,'30ml','2021-05-17 12:39:39.720531','2021-05-20 03:19:13.404471',0,1),(742,209,98,'15ml','2021-05-17 12:39:50.939740','2021-05-17 12:39:50.939740',0,0),(743,209,115,'15ml','2021-05-17 12:39:59.868379','2021-05-17 12:39:59.868379',0,0),(744,209,41,'少々','2021-05-17 12:40:15.458055','2021-05-17 12:40:15.458055',0,0),(745,210,74,'30ml','2021-05-17 12:41:03.216215','2021-05-20 03:19:00.184818',0,1),(746,210,75,'15ml','2021-05-17 12:41:14.107583','2021-05-17 12:41:14.107583',0,0),(747,210,37,'15ml','2021-05-17 12:41:22.795394','2021-05-17 12:41:22.795394',0,0),(748,211,74,'30ml','2021-05-17 12:42:00.334852','2021-05-20 01:50:15.421193',0,1),(749,211,75,'20ml','2021-05-17 12:42:12.165912','2021-05-17 12:42:12.165912',0,0),(750,211,110,'10ml','2021-05-17 12:42:23.370473','2021-05-17 12:42:23.370473',0,0),(751,212,12,'40ml','2021-05-17 12:42:58.154393','2021-05-20 01:50:06.268179',0,1),(752,212,75,'20ml','2021-05-17 12:43:25.478450','2021-05-17 12:43:25.478450',0,0),(753,212,115,'少々','2021-05-17 12:43:38.203012','2021-05-17 12:43:38.203012',0,0),(754,212,19,'少々','2021-05-17 12:43:59.877087','2021-05-17 12:43:59.877087',0,0),(755,213,75,'60ml','2021-05-17 12:44:49.577960','2021-05-20 01:50:00.110153',0,1),(756,213,37,'15ml','2021-05-17 12:45:00.336957','2021-05-17 12:45:00.336957',0,0),(757,213,60,'適量','2021-05-17 12:45:10.780137','2021-05-17 12:45:10.780137',0,0),(758,214,12,'30ml','2021-05-17 12:45:57.443310','2021-05-20 01:49:50.893309',0,1),(759,214,75,'10ml','2021-05-17 12:46:15.307673','2021-05-17 12:46:15.307673',0,0),(760,214,33,'15ml','2021-05-17 12:46:26.305632','2021-05-17 12:46:26.305632',0,0),(761,215,74,'45ml','2021-05-17 12:47:57.213605','2021-05-20 01:49:36.859743',0,1),(762,215,75,'15ml','2021-05-17 12:48:18.357155','2021-05-17 12:48:18.357155',0,0),(763,215,16,'1個','2021-05-17 12:48:39.578791','2021-05-17 12:48:39.578791',1,0),(764,216,37,'30ml','2021-05-17 12:48:55.372851','2021-05-20 01:49:26.003677',0,1),(765,216,75,'20ml','2021-05-17 12:49:06.109497','2021-05-17 12:49:06.109497',0,0),(766,216,71,'適量','2021-05-17 12:49:19.503900','2021-05-17 12:49:19.503900',0,0),(767,217,66,'30ml','2021-05-17 13:17:44.474136','2021-05-20 01:49:10.021822',0,1),(768,217,27,'適量','2021-05-17 13:18:02.854408','2021-05-17 13:18:02.854408',0,0),(769,218,66,'15ml','2021-05-17 13:18:32.803113','2021-05-20 01:48:49.703685',0,1),(770,218,24,'15ml','2021-05-17 13:19:04.275135','2021-05-17 13:19:04.275135',0,0),(771,218,27,'適量','2021-05-17 13:19:16.671660','2021-05-17 13:19:16.671660',0,0),(772,219,14,'30ml','2021-05-17 13:21:43.336258','2021-05-20 01:48:40.445252',0,1),(773,219,66,'30ml','2021-05-17 13:21:58.894213','2021-05-17 13:21:58.894213',0,0),(774,219,116,'適量','2021-05-17 13:22:13.068315','2021-05-17 13:22:13.068315',1,0),(775,220,66,'30ml','2021-05-17 13:23:02.744575','2021-05-20 01:48:30.846830',0,1),(776,220,55,'適量','2021-05-17 13:23:22.394321','2021-05-17 13:23:22.394321',0,0),(777,220,17,'適量','2021-05-17 13:23:47.530354','2021-05-17 13:23:47.530354',1,0),(778,221,100,'45ml','2021-05-20 14:14:22.268618','2021-05-20 14:14:22.268618',0,1),(779,221,37,'10ml','2021-05-20 14:14:32.406186','2021-05-20 14:14:32.406186',0,0),(780,221,83,'45ml','2021-05-20 14:14:45.932745','2021-05-20 14:14:45.932745',0,0),(781,221,27,'45ml','2021-05-20 14:14:56.568010','2021-05-20 14:14:56.568010',0,0),(782,222,100,'45ml','2021-05-20 14:15:28.345537','2021-05-20 14:15:28.345537',0,1),(783,222,90,'10ml','2021-05-20 14:15:39.447233','2021-05-20 14:15:39.447233',0,0),(784,222,83,'45ml','2021-05-20 14:15:50.269719','2021-05-20 14:15:50.269719',0,0),(785,222,27,'45ml','2021-05-20 14:16:20.249119','2021-05-20 14:16:20.249119',0,0),(786,223,100,'30ml','2021-05-20 14:17:06.778595','2021-05-20 14:17:06.778595',0,1),(787,223,90,'10ml','2021-05-20 14:17:18.472363','2021-05-20 14:17:18.472363',0,0),(788,223,71,'適量','2021-05-20 14:17:29.750866','2021-05-20 14:17:29.750866',0,0),(789,224,100,'45ml','2021-05-20 14:18:25.699701','2021-05-20 14:18:25.699701',0,1),(790,224,83,'適量','2021-05-20 14:18:41.627086','2021-05-20 14:18:41.627086',0,0),(791,225,100,'45ml','2021-05-20 14:19:34.865038','2021-05-20 14:19:34.865038',0,1),(792,225,19,'適量','2021-05-20 14:19:45.304780','2021-05-20 14:19:45.304780',0,0),(793,226,100,'45ml','2021-05-20 14:25:01.278062','2021-05-20 14:25:01.278062',0,1),(794,226,83,'45ml','2021-05-20 14:25:13.406956','2021-05-20 14:25:13.406956',0,0),(795,226,27,'45ml','2021-05-20 14:25:30.125422','2021-05-20 14:25:30.125422',0,0),(796,227,100,'45ml','2021-05-20 14:26:14.630747','2021-05-20 14:26:14.630747',0,1),(797,227,27,'適量','2021-05-20 14:26:35.026693','2021-05-20 14:26:35.026693',0,0),(798,228,9,'15ml','2021-05-25 14:02:54.339644','2021-05-25 14:02:54.339644',0,1),(799,228,95,'適量','2021-05-25 14:03:07.157191','2021-05-25 14:03:07.157191',0,0),(800,229,9,'30ml','2021-05-25 14:03:55.708685','2021-05-25 14:03:55.708685',0,1),(801,229,55,'90ml','2021-05-25 14:04:11.696334','2021-05-25 14:04:11.696334',0,0),(802,229,114,'適量','2021-05-25 14:04:24.769513','2021-05-25 14:04:24.769513',1,0),(803,230,100,'30ml','2021-05-25 14:05:03.703891','2021-05-25 14:05:03.703891',0,1),(804,230,9,'30ml','2021-05-25 14:05:13.380959','2021-05-25 14:05:13.380959',0,0),(805,230,83,'適量','2021-05-25 14:06:01.729307','2021-05-25 14:06:01.729307',0,0),(806,231,9,'30ml','2021-05-25 14:07:32.748128','2021-05-25 14:07:32.748128',0,1),(807,231,19,'適量','2021-05-25 14:08:15.516375','2021-05-25 14:08:15.516375',0,0),(808,232,89,'45ml','2021-05-25 14:08:53.930091','2021-05-25 14:08:53.930091',0,1),(809,232,75,'10ml','2021-05-25 14:09:34.054910','2021-05-25 14:09:34.054910',0,0),(810,232,9,'10ml','2021-05-25 14:10:03.953514','2021-05-25 14:10:03.953514',0,0),(811,232,115,'5ml','2021-05-25 14:10:15.900942','2021-05-25 14:10:15.900942',0,0),(812,232,51,'5ml','2021-05-25 14:10:26.530910','2021-05-25 14:10:26.530910',0,0),(813,232,71,'適量','2021-05-25 14:10:43.478635','2021-05-25 14:10:43.478635',0,0),(814,232,114,'適量','2021-05-25 14:11:03.394853','2021-05-25 14:11:03.394853',1,0),(815,232,64,'1個','2021-05-25 14:11:22.343392','2021-05-25 14:11:22.343392',1,0),(816,233,12,'45ml','2021-05-25 14:12:04.063775','2021-05-25 14:12:04.063775',0,1),(817,233,9,'15ml','2021-05-25 14:12:22.408634','2021-05-25 14:12:22.408634',0,0),(818,234,14,'45ml','2021-05-25 14:13:05.315440','2021-05-25 14:13:05.315440',0,1),(819,234,9,'15ml','2021-05-25 14:13:18.647276','2021-05-25 14:13:18.647276',0,0),(820,235,89,'45ml','2021-05-25 14:13:54.227562','2021-05-25 14:13:54.227562',0,1),(821,235,9,'15ml','2021-05-25 14:14:06.091967','2021-05-25 14:14:06.091967',0,0),(822,236,9,'30ml','2021-05-25 14:14:50.234433','2021-05-25 14:14:50.234433',0,1),(823,236,19,'30ml','2021-05-25 14:15:01.417026','2021-05-25 14:15:01.417026',0,0),(824,236,60,'適量','2021-05-25 14:15:22.544282','2021-05-25 14:15:22.544282',0,0),(825,237,9,'20ml','2021-05-25 14:16:06.373528','2021-05-25 14:16:06.373528',0,1),(826,237,27,'40ml','2021-05-25 14:16:25.097277','2021-05-25 14:16:25.097277',0,0),(827,238,4,'60ml','2021-05-25 14:17:37.958937','2021-05-25 14:17:37.958937',0,1),(828,238,9,'30ml','2021-05-25 14:18:26.398166','2021-05-25 14:18:26.398166',0,0),(829,238,55,'30ml','2021-05-25 14:18:46.183495','2021-05-25 14:18:46.183495',0,0),(830,239,4,'1/2','2021-05-25 14:20:06.160455','2021-05-25 14:20:06.160455',0,1),(831,239,43,'1/2','2021-05-25 14:20:15.406774','2021-05-25 14:20:15.406774',0,0),(832,239,114,'適量','2021-05-25 14:20:32.390576','2021-05-25 14:20:32.390576',1,0),(833,240,98,'45ml','2021-05-25 14:21:20.660714','2021-05-25 14:21:20.660714',0,1),(834,240,43,'適量','2021-05-25 14:21:32.226827','2021-05-25 14:21:32.226827',0,0),(835,240,109,'適量','2021-05-25 14:21:45.861854','2021-05-25 14:21:45.861854',1,0),(836,241,12,'45ml','2021-05-25 14:24:37.178307','2021-05-25 14:24:37.178307',0,1),(837,241,43,'適量','2021-05-25 14:24:58.383385','2021-05-25 14:24:58.383385',0,0),(838,242,14,'30ml','2021-05-25 14:25:47.751009','2021-05-25 14:25:47.751009',0,1),(839,242,24,'30ml','2021-05-25 14:26:01.261189','2021-05-25 14:26:01.261189',0,0),(840,242,27,'30ml','2021-05-25 14:26:12.396144','2021-05-25 14:26:12.396144',0,0),(841,242,43,'少々','2021-05-25 14:26:27.240282','2021-05-25 14:26:27.240282',0,0),(842,243,69,'45ml','2021-05-25 14:27:08.092713','2021-05-25 14:27:08.092713',0,1),(843,243,115,'5ml','2021-05-25 14:27:22.687606','2021-05-25 14:27:22.687606',0,0),(844,243,43,'適量','2021-05-25 14:27:34.207941','2021-05-25 14:27:34.207941',0,0),(845,244,100,'45ml','2021-05-25 14:28:06.484469','2021-05-25 14:28:06.484469',0,1),(846,244,43,'適量','2021-05-25 14:28:19.872902','2021-05-25 14:28:19.872902',0,0),(847,245,14,'15ml','2021-05-25 14:29:20.490666','2021-05-25 14:29:20.490666',0,1),(848,245,74,'15ml','2021-05-25 14:29:35.199862','2021-05-25 14:29:35.199862',0,0),(849,245,69,'15ml','2021-05-25 14:29:47.854836','2021-05-25 14:29:47.854836',0,0),(850,245,98,'15ml','2021-05-25 14:30:01.906593','2021-05-25 14:30:01.906593',0,0),(851,245,96,'15ml','2021-05-25 14:30:15.108787','2021-05-25 14:30:15.108787',0,0),(852,245,115,'15ml','2021-05-25 14:30:34.399605','2021-05-25 14:30:34.399605',0,0),(853,245,51,'5ml','2021-05-25 14:30:49.223660','2021-05-25 14:30:49.223660',0,0),(854,245,43,'適量','2021-05-25 14:31:00.233795','2021-05-25 14:31:00.233795',0,0),(855,246,74,'45ml','2021-05-25 14:33:19.887937','2021-05-25 14:33:19.887937',0,1),(856,246,115,'15ml','2021-05-25 14:33:30.943905','2021-05-25 14:33:30.943905',0,0),(857,246,51,'15ml','2021-05-25 14:33:41.141370','2021-05-25 14:33:41.141370',0,0),(858,246,78,'10ml','2021-05-25 14:33:58.753466','2021-05-25 14:33:58.753466',0,0),(859,246,60,'適量','2021-05-25 14:34:10.276504','2021-05-25 14:34:10.276504',0,0),(860,247,98,'20ml','2021-05-25 14:34:46.685797','2021-05-28 09:57:13.865991',0,1),(861,247,24,'20ml','2021-05-25 14:34:58.638632','2021-05-25 14:34:58.638632',0,0),(862,247,78,'20ml','2021-05-25 14:35:15.881582','2021-05-25 14:35:15.881582',0,0),(863,247,77,'適量','2021-05-25 14:35:29.451633','2021-05-25 14:35:29.451633',1,0),(864,248,69,'45ml','2021-05-25 14:36:09.334224','2021-05-25 14:36:09.334224',0,1),(865,248,24,'20ml','2021-05-25 14:36:25.429006','2021-05-25 14:36:25.429006',0,0),(866,248,78,'30ml','2021-05-25 14:36:36.076522','2021-05-25 14:36:36.076522',0,0),(867,249,89,'30ml','2021-05-25 14:37:36.556186','2021-05-25 14:37:36.556186',0,1),(868,249,85,'15ml','2021-05-25 14:37:48.225865','2021-05-25 14:37:48.225865',0,0),(869,249,78,'15ml','2021-05-25 14:38:00.128900','2021-05-25 14:38:00.128900',0,0),(870,250,89,'20ml','2021-05-25 14:38:32.413949','2021-05-25 14:38:32.413949',0,1),(871,250,24,'20ml','2021-05-25 14:38:43.186543','2021-05-25 14:38:43.186543',0,0),(872,250,78,'20ml','2021-05-25 14:38:56.269809','2021-05-25 14:38:56.269809',0,0),(873,251,98,'45ml','2021-05-25 14:39:53.814573','2021-05-25 14:39:53.814573',0,1),(874,251,85,'15ml','2021-05-25 14:40:05.147230','2021-05-25 14:40:05.147230',0,0),(875,251,78,'15ml','2021-05-25 14:40:18.148201','2021-05-25 14:40:18.148201',0,0),(876,252,98,'20ml','2021-05-25 14:40:53.728509','2021-05-25 14:40:53.728509',0,1),(877,252,96,'20ml','2021-05-25 14:41:04.699871','2021-05-25 14:41:04.699871',0,0),(878,252,78,'20ml','2021-05-25 14:41:20.800438','2021-05-25 14:41:20.800438',0,0),(879,253,96,'20ml','2021-05-25 14:42:06.601394','2021-05-25 14:42:06.601394',0,1),(880,253,89,'10ml','2021-05-25 14:42:20.544263','2021-05-25 14:42:20.544263',0,0),(881,253,78,'20ml','2021-05-25 14:42:35.507046','2021-05-25 14:42:35.507046',0,0),(882,253,24,'10ml','2021-05-25 14:42:49.910866','2021-05-25 14:42:49.910866',0,0),(883,254,14,'40ml','2021-05-25 14:43:51.295269','2021-05-25 14:43:51.295269',0,1),(884,254,24,'20ml','2021-05-25 14:44:03.995365','2021-05-25 14:44:03.995365',0,0),(885,254,78,'20ml','2021-05-25 14:44:14.300976','2021-05-25 14:44:14.300976',0,0),(886,255,74,'30ml','2021-05-25 14:44:50.429068','2021-05-25 14:44:50.429068',0,1),(887,255,115,'15ml','2021-05-25 14:45:02.389612','2021-05-25 14:45:02.389612',0,0),(888,255,78,'15ml','2021-05-25 14:45:13.059928','2021-05-25 14:45:13.059928',0,0),(889,255,41,'少々','2021-05-25 14:45:24.978606','2021-05-25 14:45:24.978606',0,0),(890,256,89,'30ml','2021-05-25 14:46:01.648445','2021-05-25 14:46:01.648445',0,1),(891,256,102,'15ml','2021-05-25 14:46:12.122783','2021-05-25 14:46:12.122783',0,0),(892,256,78,'15ml','2021-05-25 14:46:25.499813','2021-05-25 14:46:25.499813',0,0),(893,257,89,'20ml','2021-05-25 14:46:59.501677','2021-05-25 14:46:59.501677',0,1),(894,257,24,'20ml','2021-05-25 14:47:11.080794','2021-05-25 14:47:11.080794',0,0),(895,257,95,'適量','2021-05-25 14:47:25.151265','2021-05-25 14:47:25.151265',0,0),(896,257,78,'15ml','2021-05-25 14:47:37.571132','2021-05-25 14:47:37.571132',0,0),(897,258,74,'40ml','2021-05-30 10:35:55.799093','2021-05-30 10:35:55.799093',0,1),(898,258,93,'20ml','2021-05-30 10:36:09.460903','2021-05-30 10:36:09.460903',0,0),(899,258,64,'1個','2021-05-30 10:36:23.528883','2021-05-30 10:36:23.528883',1,0),(900,258,114,'適量','2021-05-30 10:36:35.922919','2021-05-30 10:36:35.922919',1,0),(901,259,14,'30ml','2021-05-30 10:39:37.213031','2021-05-30 10:39:37.213031',0,1),(902,259,93,'20ml','2021-05-30 10:39:55.763360','2021-05-30 10:39:55.763360',0,0),(903,259,110,'10ml','2021-05-30 10:40:13.371672','2021-05-30 10:40:13.371672',0,0),(904,259,71,'適量','2021-05-30 10:40:28.043568','2021-05-30 10:40:28.043568',0,0),(905,260,74,'30ml','2021-05-30 10:41:27.954978','2021-05-30 10:41:27.954978',0,1),(906,260,93,'10ml','2021-05-30 10:41:44.015169','2021-05-30 10:41:44.015169',0,0),(907,260,83,'15ml','2021-05-30 10:41:57.983275','2021-05-30 10:41:57.983275',0,0),(908,260,104,'1個','2021-05-30 10:42:15.343758','2021-05-30 10:42:15.343758',1,0),(909,261,74,'30ml','2021-05-30 10:43:05.399578','2021-05-30 10:43:05.399578',0,1),(910,261,93,'15ml','2021-05-30 10:43:16.922106','2021-05-30 10:43:16.922106',0,0),(911,261,78,'15ml','2021-05-30 10:43:33.520719','2021-05-30 10:43:33.520719',0,0),(912,262,74,'30ml','2021-05-30 10:44:13.036931','2021-05-30 10:44:13.036931',0,1),(913,262,93,'15ml','2021-05-30 10:44:24.344216','2021-05-30 10:44:24.344216',0,0),(914,262,115,'15ml','2021-05-30 10:44:36.178214','2021-05-30 10:44:36.178214',0,0),(915,262,51,'5ml','2021-05-30 10:44:50.907545','2021-05-30 10:44:50.907545',0,0),(916,262,60,'適量','2021-05-30 10:45:14.812040','2021-05-30 10:45:14.812040',0,0),(917,262,64,'1個','2021-05-30 10:45:28.920218','2021-05-30 10:45:28.920218',1,0),(918,263,74,'30ml','2021-05-30 10:46:07.707500','2021-05-30 10:46:07.707500',0,1),(919,263,93,'15ml','2021-05-30 10:46:19.834499','2021-05-30 10:46:19.834499',0,0),(920,263,75,'15ml','2021-05-30 10:46:31.130465','2021-05-30 10:46:31.130465',0,0),(921,264,14,'30ml','2021-05-30 10:47:08.790447','2021-05-30 10:47:08.790447',0,1),(922,264,93,'15ml','2021-05-30 10:47:18.518126','2021-05-30 10:47:18.518126',0,0),(923,264,75,'15ml','2021-05-30 10:47:27.822495','2021-05-30 10:47:27.822495',0,0),(924,265,14,'45ml','2021-05-30 10:48:28.315379','2021-05-30 10:48:28.315379',0,1),(925,265,93,'15ml','2021-05-30 10:48:37.758801','2021-05-30 10:48:37.758801',0,0),(926,266,89,'40ml','2021-05-30 10:49:11.434653','2021-05-30 10:49:11.434653',0,1),(927,266,93,'20ml','2021-05-30 10:49:23.703066','2021-05-30 10:49:23.703066',0,0),(928,266,3,'少々','2021-05-30 10:49:37.915203','2021-05-30 10:49:37.915203',1,0),(929,267,69,'30ml','2021-05-30 10:50:12.812311','2021-05-30 10:50:12.812311',0,1),(930,267,93,'15ml','2021-05-30 10:50:24.082123','2021-05-30 10:50:24.082123',0,0),(931,267,110,'15ml','2021-05-30 10:50:33.972940','2021-05-30 10:50:33.972940',0,0),(932,268,14,'30ml','2021-05-30 10:51:13.625996','2021-05-30 10:51:13.625996',0,1),(933,268,93,'30ml','2021-05-30 10:51:24.446325','2021-05-30 10:51:24.446325',0,0),(934,268,78,'20ml','2021-05-30 10:51:36.543088','2021-05-30 10:51:36.543088',0,0),(935,268,41,'少々','2021-05-30 10:51:49.890558','2021-05-30 10:51:49.890558',0,0),(936,268,64,'1個','2021-05-30 10:52:07.326546','2021-05-30 10:52:07.326546',1,0),(937,269,14,'30ml','2021-05-30 10:55:28.137837','2021-05-30 10:55:28.137837',0,1),(938,269,93,'15ml','2021-05-30 10:55:40.678278','2021-05-30 10:55:40.678278',0,0),(939,269,115,'10ml','2021-05-30 10:56:00.936818','2021-05-30 10:56:00.936818',0,0),(940,269,117,'15ml','2021-05-30 10:56:42.364047','2021-05-30 10:56:42.364047',0,0),(941,269,51,'10ml','2021-05-30 10:56:57.380644','2021-05-30 10:56:57.380644',0,0),(942,269,60,'適量','2021-05-30 10:57:09.841406','2021-05-30 10:57:09.841406',0,0),(943,270,14,'30ml','2021-05-30 10:59:24.032635','2021-05-30 10:59:24.032635',0,1),(944,270,118,'20ml','2021-05-30 11:01:05.702377','2021-05-30 11:01:05.702377',0,0),(945,270,119,'10ml','2021-05-30 11:01:40.532332','2021-05-30 11:01:40.532332',0,0),(946,270,117,'10ml','2021-05-30 11:01:52.116833','2021-05-30 11:01:52.116833',0,0),(947,271,67,'30ml','2021-05-30 11:04:08.428898','2021-05-30 11:04:08.428898',0,1),(948,271,117,'30ml','2021-05-30 11:04:23.115354','2021-05-30 11:04:23.115354',0,0),(949,271,41,'少々','2021-05-30 11:04:37.646659','2021-05-30 11:04:37.646659',0,0),(950,271,60,'適量','2021-05-30 11:04:49.083173','2021-05-30 11:04:49.083173',0,0),(951,271,120,'適量','2021-05-30 11:05:19.360331','2021-05-30 11:05:19.360331',1,0),(952,273,118,'30ml','2021-05-30 11:07:58.422537','2021-05-30 11:07:58.422537',0,1),(953,273,117,'30ml','2021-05-30 11:08:11.542075','2021-05-30 11:08:11.542075',0,0),(954,273,60,'適量','2021-05-30 11:08:26.021897','2021-05-30 11:08:26.021897',0,0),(955,274,119,'1/2','2021-05-30 11:12:39.148111','2021-05-30 11:12:39.148111',0,1),(956,274,117,'1/2','2021-05-30 11:12:51.309672','2021-05-30 11:12:51.309672',0,0),(957,274,60,'適量','2021-05-30 11:13:01.296532','2021-05-30 11:13:01.296532',0,0),(958,275,119,'50ml','2021-05-30 11:16:00.647215','2021-05-30 11:16:00.647215',0,1),(959,275,110,'20ml','2021-05-30 11:16:14.598796','2021-05-30 11:16:14.598796',0,0),(960,275,60,'適量','2021-05-30 11:16:29.103540','2021-05-30 11:16:29.103540',0,0),(961,275,109,'適量','2021-05-30 11:16:40.400178','2021-05-30 11:16:40.400178',1,0),(962,276,75,'30ml','2021-06-04 14:05:39.121430','2021-06-04 14:05:39.121430',0,1),(963,276,90,'10ml','2021-06-04 14:05:55.307834','2021-06-04 14:05:55.307834',0,0),(964,276,33,'10ml','2021-06-04 14:06:14.333757','2021-06-04 14:06:14.333757',0,0),(965,276,51,'10ml','2021-06-04 14:06:26.775431','2021-06-04 14:06:26.775431',0,0),(966,277,67,'30ml','2021-06-05 15:24:40.567726','2021-06-05 15:24:40.567726',0,1),(967,277,12,'20ml','2021-06-05 15:24:56.490105','2021-06-05 15:24:56.490105',0,0),(968,277,74,'20ml','2021-06-05 15:25:13.992367','2021-06-05 15:25:13.992367',0,0),(969,277,37,'20ml','2021-06-05 15:25:25.547987','2021-06-05 15:25:25.547987',0,0),(970,277,55,'適量','2021-06-05 15:25:47.004041','2021-06-05 15:25:47.004041',0,0),(971,278,101,'15ml','2021-06-05 15:32:17.985945','2021-06-05 15:32:17.985945',0,1),(972,278,90,'15ml','2021-06-05 15:32:33.012416','2021-06-05 15:32:33.012416',0,0),(973,278,14,'15ml','2021-06-05 15:32:44.444137','2021-06-05 15:32:44.444137',0,0),(974,278,114,'10ml','2021-06-05 15:32:54.193967','2021-06-05 15:32:54.193967',0,0),(975,278,117,'5ml','2021-06-05 15:33:04.778246','2021-06-05 15:33:04.778246',0,0),(976,279,9,'20ml','2021-06-11 12:13:07.557519','2021-06-11 12:13:07.557519',0,1),(977,279,14,'20ml','2021-06-11 12:13:26.471597','2021-06-11 12:13:26.471597',0,0),(978,279,12,'10ml','2021-06-11 12:13:43.170215','2021-06-11 12:13:43.170215',0,0),(979,279,55,'適量','2021-06-11 12:13:55.255607','2021-06-11 12:13:55.255607',0,0),(980,280,9,'15ml','2021-06-11 14:22:28.992154','2021-06-11 14:22:28.992154',0,1),(981,280,14,'10ml','2021-06-11 14:22:41.348033','2021-06-11 14:22:41.348033',0,0),(982,280,117,'10ml','2021-06-11 14:22:55.213236','2021-06-11 14:22:55.213236',0,0),(983,280,83,'25ml','2021-06-11 14:23:10.951491','2021-06-11 14:23:10.951491',0,0),(984,280,93,'少々','2021-06-11 14:23:33.259027','2021-06-11 14:23:33.259027',1,0),(985,281,74,'10ml','2021-06-12 13:28:39.473026','2021-06-12 13:28:39.473026',0,1),(986,281,122,'30ml','2021-06-12 13:29:28.049207','2021-06-12 13:29:28.049207',0,0),(987,281,33,'5ml','2021-06-12 13:29:46.022453','2021-06-12 13:29:46.022453',0,0),(988,281,32,'20ml','2021-06-12 13:29:56.535594','2021-06-12 13:29:56.535594',0,0),(989,281,121,'5ml','2021-06-12 13:30:09.412722','2021-06-12 13:30:09.412722',0,0),(990,281,41,'5ml','2021-06-12 13:30:24.561268','2021-06-12 13:30:24.561268',0,0),(991,281,117,'10ml','2021-06-12 13:30:46.040310','2021-06-12 13:30:46.040310',0,0),(992,282,93,'20ml','2021-06-12 14:14:37.239674','2021-06-12 14:14:37.239674',0,1),(993,282,100,'10ml','2021-06-12 14:14:49.869194','2021-06-12 14:14:49.869194',0,0),(994,282,102,'5ml','2021-06-12 14:15:02.750668','2021-06-12 14:15:02.750668',0,0),(995,282,27,'40ml','2021-06-12 14:15:28.710739','2021-06-12 14:15:28.710739',0,0),(996,283,93,'20ml','2021-06-12 14:26:13.936069','2021-06-12 14:26:13.936069',0,1),(997,283,100,'10ml','2021-06-12 14:26:24.834176','2021-06-12 14:26:24.834176',0,0),(998,283,74,'5ml','2021-06-12 14:26:41.691305','2021-06-12 14:26:41.691305',0,0),(999,283,102,'5ml','2021-06-12 14:26:54.003369','2021-06-12 14:26:54.003369',0,0),(1000,284,119,'30ml','2021-09-03 14:00:36.792172','2021-09-03 15:49:09.532205',0,1),(1001,284,74,'10ml','2021-09-03 14:00:47.101990','2021-09-03 14:00:47.101990',0,0),(1002,284,90,'5ml','2021-09-03 14:01:04.706681','2021-09-03 14:01:04.706681',0,0),(1003,285,37,'20ml','2021-09-03 14:37:03.954209','2021-09-03 14:37:03.954209',0,1),(1004,285,27,'20ml','2021-09-03 14:37:14.118023','2021-09-03 14:37:14.118023',0,0),(1005,285,41,'5ml','2021-09-03 14:37:25.620025','2021-09-03 14:37:25.620025',0,0);
/*!40000 ALTER TABLE `recipe_materials` ENABLE KEYS */;
UNLOCK TABLES;

--
-- Table structure for table `recipes`
--

DROP TABLE IF EXISTS `recipes`;
/*!40101 SET @saved_cs_client     = @@character_set_client */;
/*!40101 SET character_set_client = utf8 */;
CREATE TABLE `recipes` (
  `id` bigint(20) NOT NULL AUTO_INCREMENT,
  `name` varchar(255) NOT NULL,
  `style_id` bigint(20) NOT NULL,
  `tech_id` bigint(20) NOT NULL,
  `alcohol_id` bigint(20) NOT NULL,
  `created_at` datetime(6) NOT NULL,
  `updated_at` datetime(6) NOT NULL,
  `user_id` bigint(20) DEFAULT NULL,
  `excellent_count` int(11) DEFAULT '0',
  PRIMARY KEY (`id`),
  KEY `fk_rails_9754ad668b` (`style_id`),
  KEY `fk_rails_8c8778d2c9` (`tech_id`),
  KEY `fk_rails_fbd57f879a` (`alcohol_id`),
  KEY `index_recipes_on_user_id` (`user_id`),
  CONSTRAINT `fk_rails_8c8778d2c9` FOREIGN KEY (`tech_id`) REFERENCES `teches` (`id`),
  CONSTRAINT `fk_rails_9606fce865` FOREIGN KEY (`user_id`) REFERENCES `users` (`id`),
  CONSTRAINT `fk_rails_9754ad668b` FOREIGN KEY (`style_id`) REFERENCES `styles` (`id`),
  CONSTRAINT `fk_rails_fbd57f879a` FOREIGN KEY (`alcohol_id`) REFERENCES `alcohols` (`id`)
) ENGINE=InnoDB AUTO_INCREMENT=286 DEFAULT CHARSET=utf8mb4;
/*!40101 SET character_set_client = @saved_cs_client */;

--
-- Dumping data for table `recipes`
--

LOCK TABLES `recipes` WRITE;
/*!40000 ALTER TABLE `recipes` DISABLE KEYS */;
INSERT INTO `recipes` VALUES (1,'アナウンサー',2,3,4,'2021-05-17 04:13:04.011960','2021-05-17 04:13:04.011960',NULL,0),(2,'イグアナ',1,2,4,'2021-05-17 04:13:04.034459','2021-05-17 04:13:04.034459',NULL,0),(3,'十六夜',1,1,1,'2021-05-17 04:13:04.059259','2021-05-17 04:13:04.059259',NULL,0),(4,'インペリアルフィズ',1,3,3,'2021-05-17 04:13:04.078089','2021-05-17 04:13:04.078089',NULL,0),(5,'ウィスキーサイドカー',2,3,4,'2021-05-17 04:13:04.096890','2021-09-11 15:35:26.513332',NULL,1),(6,'ウイニングラン',1,3,2,'2021-05-17 04:13:04.115605','2021-05-17 04:13:04.115605',NULL,0),(7,'ウォッカトニック',1,1,3,'2021-05-17 04:13:04.134764','2021-05-17 04:13:04.134764',NULL,0),(8,'ウォッカ・ライチ',1,1,3,'2021-05-17 04:13:04.157094','2021-05-17 04:13:04.157094',NULL,0),(9,'エックスワイジー',2,3,4,'2021-05-17 04:13:04.180511','2021-05-17 04:13:04.180511',NULL,0),(10,'エル・ディアブロ',1,1,3,'2021-05-17 04:13:04.201331','2021-05-17 04:13:04.201331',NULL,0),(11,'エルドラド',1,3,3,'2021-05-17 04:13:04.222844','2021-05-17 04:13:04.222844',NULL,0),(12,'オペレーター',1,1,2,'2021-05-17 04:13:04.242919','2021-05-17 04:13:04.242919',NULL,0),(13,'オレンジフィズ',1,3,3,'2021-05-17 04:13:04.264643','2021-05-17 04:13:04.264643',NULL,0),(14,'オレンジブロッサム',2,3,4,'2021-05-17 04:13:04.284843','2021-05-17 04:13:04.284843',NULL,0),(15,'カーディナル',1,1,3,'2021-05-17 04:13:04.308021','2021-05-17 04:13:04.308021',NULL,0),(16,'カウボーイ',2,1,3,'2021-05-17 04:13:04.334619','2021-05-17 04:13:04.334619',NULL,0),(17,'カシスオレンジ',1,1,2,'2021-05-17 04:13:04.355020','2021-09-15 16:56:49.643268',NULL,2),(18,'カシスグレープフルーツ',1,1,2,'2021-05-17 04:13:04.373664','2021-05-17 04:13:04.373664',NULL,0),(19,'カシスソーダ',1,1,2,'2021-05-17 04:13:04.394417','2021-05-17 04:13:04.394417',NULL,0),(20,'カシスミルク',1,1,2,'2021-05-17 04:13:04.421155','2021-05-17 04:13:04.421155',NULL,0),(21,'カミカゼ',1,3,4,'2021-05-17 04:13:04.440129','2021-05-17 04:13:04.440129',NULL,0),(22,'カルーアオレンジ',1,1,2,'2021-05-17 04:13:04.459668','2021-09-19 11:01:53.607113',NULL,1),(23,'カルーアソーダ',1,1,2,'2021-05-17 04:13:04.480314','2021-05-17 04:13:04.480314',NULL,0),(24,'カルーアミルク',1,1,2,'2021-05-17 04:13:04.500529','2021-05-17 04:13:04.500529',NULL,0),(25,'キール',2,1,3,'2021-05-17 04:13:04.521335','2021-05-17 04:13:04.521335',NULL,0),(26,'キティ',1,1,2,'2021-05-17 04:13:04.542066','2021-05-17 04:13:04.542066',NULL,0),(27,'ギムレット',2,3,4,'2021-05-17 04:13:04.562844','2021-05-17 04:13:04.562844',NULL,0),(28,'キューバンスクリュー',1,1,3,'2021-05-17 04:13:04.582777','2021-05-17 04:13:04.582777',NULL,0),(29,'コンチータ',2,3,3,'2021-05-17 04:13:04.605037','2021-05-17 04:13:04.605037',NULL,0),(30,'サイドカー',2,3,4,'2021-05-17 04:13:04.625518','2021-05-17 04:13:04.625518',NULL,0),(31,'サウスオブザボーダー',2,3,4,'2021-05-17 04:13:04.645943','2021-05-17 04:13:04.645943',NULL,0),(32,'サケティーニ',2,2,4,'2021-05-17 04:13:04.671417','2021-05-17 04:13:04.671417',NULL,0),(33,'サムライロック',1,1,3,'2021-05-17 04:13:04.693692','2021-05-17 04:13:04.693692',NULL,0),(34,'サンセバスチャン',2,3,4,'2021-05-17 04:13:04.714800','2021-05-17 04:13:04.714800',NULL,0),(35,'ジャマイカンミュール',1,1,3,'2021-05-17 04:13:04.735499','2021-05-17 04:13:04.735499',NULL,0),(36,'ジャンギロンゴ',1,1,3,'2021-05-17 04:13:04.758630','2021-05-17 04:13:04.758630',NULL,0),(37,'シンデレラハネムーン',2,3,3,'2021-05-17 04:13:04.783512','2021-10-12 12:37:16.390364',NULL,1),(38,'ジントニック',1,1,3,'2021-05-17 04:13:04.805420','2021-05-17 04:13:04.805420',NULL,0),(39,'ジンバック',1,1,3,'2021-05-17 04:13:04.825231','2021-05-17 04:13:04.825231',NULL,0),(40,'ジンライチ',1,1,3,'2021-05-17 04:13:04.845848','2021-05-17 04:13:04.845848',NULL,0),(41,'ジンライム',1,1,4,'2021-05-17 04:13:04.865583','2021-05-17 04:13:04.865583',NULL,0),(42,'スクリュードライバー',1,1,3,'2021-05-17 04:13:04.886787','2021-05-17 04:13:04.886787',NULL,0),(43,'スコーピオン',1,3,3,'2021-05-17 04:13:04.906715','2021-05-17 04:13:04.906715',NULL,0),(44,'スパニッシュタウン',2,3,3,'2021-05-17 04:13:04.935990','2021-05-17 04:13:04.935990',NULL,0),(45,'スプリッツァー',1,1,2,'2021-05-17 04:13:04.961214','2021-05-17 04:13:04.961214',NULL,0),(46,'スマイリング',1,1,2,'2021-05-17 04:13:04.988608','2021-05-17 04:13:04.988608',NULL,0),(47,'スレッジハンマー',2,3,4,'2021-05-17 04:13:05.012356','2021-05-17 04:13:05.012356',NULL,0),(48,'ソルクバーノ',1,1,3,'2021-05-17 04:13:05.032868','2021-05-17 04:13:05.032868',NULL,0),(49,'ソルティドッグ',1,1,3,'2021-05-17 04:13:05.057400','2021-05-17 04:13:05.057400',NULL,0),(50,'ソルティブル',1,1,3,'2021-05-17 04:13:05.103654','2021-09-11 15:33:19.736937',NULL,1),(51,'ソルトリック',1,1,3,'2021-05-17 04:13:05.129769','2021-05-17 04:13:05.129769',NULL,0),(52,'ダーティマザー',2,1,4,'2021-05-17 04:13:05.158723','2021-05-17 04:13:05.158723',NULL,0),(53,'チョコカシスソーダ',1,1,2,'2021-05-17 04:13:05.190744','2021-05-17 04:13:05.190744',NULL,0),(54,'チョコレートギムレット',2,3,4,'2021-05-17 04:13:05.222847','2021-05-17 04:13:05.222847',NULL,0),(55,'ディタグレープフルーツ',1,1,2,'2021-05-17 04:13:05.244324','2021-05-17 04:13:05.244324',NULL,0),(56,'ディタモーニ',1,1,2,'2021-05-17 04:13:05.267739','2021-05-17 04:13:05.267739',NULL,0),(57,'ティントデベラーノ',1,1,2,'2021-05-17 04:13:05.290102','2021-10-10 15:24:21.770956',NULL,1),(58,'テキーラサンストローク',1,1,3,'2021-05-17 04:13:05.310121','2021-09-11 15:33:44.334604',NULL,1),(59,'テキーラトニック',1,1,3,'2021-05-17 04:13:05.330258','2021-05-17 04:13:05.330258',NULL,0),(60,'ドラゴンフライ',1,1,3,'2021-05-17 04:13:05.350569','2021-05-17 04:13:05.350569',NULL,0),(61,'トロイカ',2,3,4,'2021-05-17 04:13:05.372270','2021-05-17 04:13:05.372270',NULL,0),(62,'トロピカルファジーネーブル',1,1,2,'2021-05-17 04:13:05.393916','2021-09-11 15:30:52.676226',NULL,1),(63,'ハイボール',1,1,3,'2021-05-17 04:13:05.417020','2021-05-17 04:13:05.417020',NULL,0),(64,'ハニーサックル',2,3,4,'2021-05-17 04:13:05.440862','2021-05-17 04:13:05.440862',NULL,0),(65,'バラライカ',2,3,4,'2021-05-17 04:13:05.460703','2021-05-17 04:13:05.460703',NULL,0),(66,'バレエ・リュス',2,3,4,'2021-05-17 04:13:05.480601','2021-05-17 04:13:05.480601',NULL,0),(67,'パロマ',1,1,3,'2021-05-17 04:13:05.506756','2021-05-17 04:13:05.506756',NULL,0),(68,'ビーズニーズ',2,3,4,'2021-05-17 04:13:05.539004','2021-05-17 04:13:05.539004',NULL,0),(69,'ピーチツリートニック',1,1,2,'2021-05-17 04:13:05.561628','2021-05-17 04:13:05.561628',NULL,0),(70,'ビーハイブ',2,3,3,'2021-05-17 04:13:05.581777','2021-05-17 04:13:05.581777',NULL,0),(71,'ビトウィーンザシーツ',2,3,4,'2021-05-17 04:13:05.604964','2021-05-17 04:13:05.604964',NULL,0),(72,'ファジーネーブル',1,1,2,'2021-05-17 04:13:05.625408','2021-05-17 04:13:05.625408',NULL,0),(73,'ブラックルシアン',1,1,4,'2021-05-17 04:13:05.644849','2021-05-17 04:13:05.644849',NULL,0),(74,'ブランターズカクテル',2,3,3,'2021-05-17 04:13:05.668018','2021-05-17 04:13:05.668018',NULL,0),(75,'ブランデーバック',1,1,3,'2021-05-17 04:13:05.694580','2021-05-17 04:13:05.694580',NULL,0),(76,'ブルドッグ',1,1,3,'2021-05-17 04:13:05.713766','2021-05-17 04:13:05.713766',NULL,0),(77,'ブルドッグハイボール',1,1,3,'2021-05-17 04:13:05.734823','2021-05-17 04:13:05.734823',NULL,0),(78,'ブレイブブル',1,1,4,'2021-05-17 04:13:05.756534','2021-05-17 04:13:05.756534',NULL,0),(79,'フレンチカクタス',1,1,4,'2021-05-17 04:13:05.780170','2021-05-17 04:13:05.780170',NULL,0),(80,'ヘミニングウェイスペシャル',1,3,3,'2021-05-17 04:13:05.807162','2021-05-17 04:13:05.807162',NULL,0),(81,'ホワイトレディ',2,3,4,'2021-05-17 04:13:05.842646','2021-11-27 13:02:22.845174',NULL,2),(82,'マルガリータ',2,3,4,'2021-05-17 04:13:05.866002','2021-05-17 04:13:05.866002',NULL,0),(83,'マンゴヤンオレンジ',1,1,2,'2021-05-17 04:13:05.890722','2021-09-15 15:07:42.818381',NULL,1),(84,'マンゴヤンミルク',1,1,2,'2021-05-17 04:13:05.913106','2022-02-18 16:17:48.493145',NULL,1),(85,'マンゴヤンラッシー',1,1,3,'2021-05-17 04:13:05.941264','2021-09-11 15:30:10.996289',NULL,4),(86,'メキシカン・エル・ディアブロ',1,3,3,'2021-05-17 04:13:05.962850','2021-10-22 10:57:16.798733',NULL,0),(87,'メキシカンミュール',1,1,3,'2021-05-17 04:13:05.989479','2021-05-17 04:13:05.989479',NULL,0),(88,'メキシコローズ',2,3,4,'2021-05-17 04:13:06.012149','2021-05-17 04:13:06.012149',NULL,0),(89,'モスコミュール',1,1,3,'2021-05-17 04:13:06.034914','2021-05-17 04:13:06.034914',NULL,0),(90,'モンチーレンチ',1,1,3,'2021-05-17 04:13:06.058493','2021-05-17 04:13:06.058493',NULL,0),(91,'雪国',2,3,4,'2021-05-17 04:13:06.080006','2021-05-17 04:13:06.080006',NULL,0),(92,'ヨーグリートオレンジ',1,1,2,'2021-05-17 04:13:06.100883','2021-05-17 04:13:06.100883',NULL,0),(93,'ヨーグリートジンジャー',1,1,2,'2021-05-17 04:13:06.123578','2021-09-11 15:32:41.471198',NULL,1),(94,'ヨーグリートミルク',1,1,2,'2021-05-17 04:13:06.143445','2021-09-11 15:30:33.966237',NULL,2),(95,'ライトオンディタ',1,1,2,'2021-05-17 04:13:06.164921','2021-09-11 15:31:08.744814',NULL,1),(96,'ラストキッス',2,3,4,'2021-05-17 04:13:06.190439','2021-05-17 04:13:06.190439',NULL,0),(97,'ラムトニック',1,1,3,'2021-05-17 04:13:06.211296','2021-05-17 04:13:06.211296',NULL,0),(98,'リトルデビル',2,3,4,'2021-05-17 04:13:06.232287','2021-05-17 04:13:06.232287',NULL,0),(99,'ルシアンバレエ',2,2,4,'2021-05-17 04:13:06.254550','2021-05-17 04:13:06.254550',NULL,0),(100,'スカイダイビング',2,3,4,'2021-05-17 04:13:06.275602','2021-05-17 04:13:06.275602',NULL,0),(101,'チャイナブルー',1,3,2,'2021-05-17 04:13:06.296989','2021-09-11 15:31:15.759509',NULL,1),(102,'バカラ',2,3,4,'2021-05-17 04:13:06.318347','2021-05-17 04:13:06.318347',NULL,0),(103,'ブルータートル',1,1,3,'2021-05-17 04:13:06.340506','2021-05-17 04:13:06.340506',NULL,0),(104,'ブルーマルガリータ',2,3,4,'2021-05-17 04:13:06.364646','2021-05-17 04:13:06.364646',NULL,0),(105,'ブルーマンデー',2,2,4,'2021-05-17 04:13:06.386926','2021-05-17 04:13:06.386926',NULL,0),(106,'ブルーラグーン',1,3,3,'2021-05-17 04:13:06.408795','2021-05-17 04:13:06.408795',NULL,0),(107,'フレンチエメラルド',1,1,3,'2021-05-17 04:13:06.437577','2021-05-17 04:13:06.437577',NULL,0),(108,'アイスブレーカー',1,3,3,'2021-05-17 04:13:06.458931','2021-05-17 04:13:06.458931',NULL,0),(109,'アメリカンフィズ',1,3,2,'2021-05-17 04:13:06.479423','2021-05-17 04:13:06.479423',NULL,0),(110,'ウィスキーデイジー',1,3,4,'2021-05-17 04:13:06.500943','2021-05-17 04:13:06.500943',NULL,0),(111,'エルプレジデンテ',2,3,4,'2021-05-17 04:13:06.522764','2021-05-17 04:13:06.522764',NULL,0),(112,'オーロラ',2,3,3,'2021-05-17 04:13:06.543932','2021-05-17 04:13:06.543932',NULL,0),(113,'カリフォルニアサンセット',1,3,3,'2021-05-17 04:13:06.564399','2021-09-11 15:31:40.638499',NULL,1),(114,'クエーカーズ',2,3,4,'2021-05-17 04:13:06.584921','2021-05-17 04:13:06.584921',NULL,0),(115,'グレナデントニック',1,1,1,'2021-05-17 04:13:06.607914','2021-05-17 04:13:06.607914',NULL,0),(116,'グレナデンフィズ',1,3,3,'2021-05-17 04:13:06.628458','2021-05-17 04:13:06.628458',NULL,0),(117,'サーウォルター',2,3,4,'2021-05-17 04:13:06.649578','2021-05-17 04:13:06.649578',NULL,0),(118,'サンチャゴ',2,3,4,'2021-05-17 04:13:06.677271','2021-05-17 04:13:06.677271',NULL,0),(119,'シクラメン',2,3,4,'2021-05-17 04:13:06.698781','2021-09-11 15:34:06.703172',NULL,1),(120,'シャーリーテンプル',1,1,1,'2021-05-17 04:13:06.723292','2021-05-17 04:13:06.723292',NULL,0),(121,'ジンデイジー',1,3,4,'2021-05-17 04:13:06.744529','2021-05-17 04:13:06.744529',NULL,0),(122,'スタンレー',2,3,4,'2021-05-17 04:13:06.765678','2021-05-17 04:13:06.765678',NULL,0),(123,'スリーミラーズ',2,3,4,'2021-05-17 04:13:06.787423','2021-05-17 04:13:06.787423',NULL,0),(124,'テキーラサンセット',1,4,3,'2021-05-17 04:13:06.811625','2021-05-17 04:13:06.811625',NULL,0),(125,'テキーラサンライズ',1,1,3,'2021-05-17 04:13:06.835033','2021-05-17 04:13:06.835033',NULL,0),(126,'ビューティフル',2,3,4,'2021-05-17 04:13:06.855996','2021-05-17 04:13:06.855996',NULL,0),(127,'ブラッドトランスフュージョン',2,3,3,'2021-05-17 04:13:06.877362','2021-05-17 04:13:06.877362',NULL,0),(128,'ブランデーガンプ',2,3,4,'2021-05-17 04:13:06.899155','2021-05-17 04:13:06.899155',NULL,0),(129,'ブランデーデイジー',1,3,4,'2021-05-17 04:13:06.924766','2021-05-17 04:13:06.924766',NULL,0),(130,'ラムクーラー',1,3,3,'2021-05-17 04:13:06.945209','2021-05-17 04:13:06.945209',NULL,0),(131,'ラムデイジー',1,3,4,'2021-05-17 04:13:06.966702','2021-05-17 04:13:06.966702',NULL,0),(132,'ロブソン',2,3,3,'2021-05-17 04:13:06.988230','2021-05-17 04:13:06.988230',NULL,0),(133,'ワードエイト',2,3,3,'2021-05-17 04:13:07.008741','2021-05-17 04:13:07.008741',NULL,0),(134,'アルフィー',2,3,4,'2021-05-17 04:13:07.030039','2021-05-17 04:13:07.030039',NULL,0),(135,'イエローフェロー',2,3,3,'2021-05-17 04:13:07.051169','2021-05-17 04:13:07.051169',NULL,0),(136,'カリブ',2,3,3,'2021-05-17 04:13:07.074025','2021-05-17 04:13:07.074025',NULL,0),(137,'ガルフストリーム',1,1,3,'2021-05-17 04:13:07.096439','2021-05-17 04:13:07.096439',NULL,0),(138,'ケンタッキー',2,3,4,'2021-05-17 04:13:07.117012','2021-09-11 15:33:55.111645',NULL,1),(139,'シンデレラ',2,3,1,'2021-05-17 04:13:07.139005','2021-05-17 04:13:07.139005',NULL,0),(140,'テカドール',1,3,3,'2021-05-17 04:13:07.158704','2021-05-17 04:13:07.158704',NULL,0),(141,'ピンクパイナップル',2,3,3,'2021-05-17 04:13:07.182853','2021-05-17 04:13:07.182853',NULL,0),(142,'プッシーキャット',1,3,1,'2021-05-17 04:13:07.204844','2021-05-17 04:13:07.204844',NULL,0),(143,'フラミンゴレディ',2,3,3,'2021-05-17 04:13:07.224147','2021-05-17 04:13:07.224147',NULL,0),(144,'フルーツパンチ',1,1,1,'2021-05-17 04:13:07.246667','2021-05-17 04:13:07.246667',NULL,0),(145,'ブルーハワイ',1,3,3,'2021-05-17 04:13:07.268169','2021-05-17 04:13:07.268169',NULL,0),(146,'マタドール',1,3,3,'2021-05-17 04:13:07.288349','2022-02-18 16:00:54.574975',NULL,1),(147,'メキシカン',2,3,3,'2021-05-17 04:13:07.308979','2021-05-17 04:13:07.308979',NULL,0),(148,'レッドソンブレロ',1,3,1,'2021-05-17 04:13:07.329585','2021-05-17 04:13:07.329585',NULL,0),(149,'ワイキキビーチコマー',2,3,4,'2021-05-17 04:13:07.349949','2021-05-17 04:13:07.349949',NULL,0),(150,'ジャパニーズスリッパー',2,3,3,'2021-05-17 06:06:19.165610','2021-05-17 06:06:19.165610',NULL,0),(151,'チャイナグリーン',1,1,2,'2021-05-17 06:07:55.668286','2021-05-17 06:07:55.668286',NULL,0),(152,'パールハーバー',2,3,3,'2021-05-17 06:09:16.419939','2021-05-17 06:09:16.419939',NULL,0),(153,'ブルートリップ',2,3,4,'2021-05-17 06:10:30.801166','2021-05-17 06:10:30.801166',NULL,0),(154,'ミッドナイトサン',1,3,3,'2021-05-17 06:12:25.511483','2021-05-17 06:12:25.511483',NULL,0),(155,'ミドリスプモーニ',1,1,2,'2021-05-17 06:15:05.269544','2021-05-17 06:15:05.269544',NULL,0),(156,'ミドリマルガリータ',2,3,4,'2021-05-17 06:16:15.602330','2021-05-17 06:16:15.602330',NULL,0),(157,'ミドリミルク',1,1,2,'2021-05-17 06:17:42.640760','2021-05-17 06:17:42.640760',NULL,0),(158,'メロンボール',1,1,2,'2021-05-17 06:18:46.125933','2021-05-17 06:18:46.125933',NULL,0),(159,'アカプルコ',2,3,4,'2021-05-17 07:25:41.208180','2021-05-17 07:25:41.208180',NULL,0),(160,'アメリカンレモンネード',1,1,2,'2021-05-17 07:27:09.171692','2021-05-17 07:27:09.171692',NULL,0),(161,'アンバサダー',1,1,3,'2021-05-17 07:28:49.472860','2021-05-17 07:28:49.472860',NULL,0),(162,'イエラ・デ・ピノス',1,3,3,'2021-05-17 07:30:20.112913','2021-05-17 07:30:20.112913',NULL,0),(163,'ウィスキーサワー',1,3,4,'2021-05-17 07:31:39.517265','2021-05-17 07:31:39.517265',NULL,0),(164,'ウォッカコリンズ',1,3,3,'2021-05-17 07:33:17.330785','2021-05-17 07:33:17.330785',NULL,0),(165,'カーネルコリンズ',1,3,3,'2021-05-17 07:34:23.891876','2021-05-17 07:34:23.891876',NULL,0),(166,'カリフォルニアレモネード',1,2,3,'2021-05-17 07:35:43.890834','2021-05-17 07:35:43.890834',NULL,0),(167,'ケーブルグラム',1,3,3,'2021-05-17 07:37:15.461716','2021-05-17 07:37:15.461716',NULL,0),(168,'コザック',2,3,4,'2021-05-17 07:38:22.732319','2021-05-17 07:38:22.732319',NULL,0),(169,'サケサワー',1,3,2,'2021-05-17 07:39:28.380833','2021-09-11 15:33:39.802366',NULL,1),(170,'サマーデライト',1,3,1,'2021-05-17 07:41:15.948118','2021-05-17 07:41:15.948118',NULL,0),(171,'サラトガクーラー',1,1,1,'2021-05-17 07:42:26.598943','2021-05-17 07:42:26.598943',NULL,0),(172,'ジャックカーンズ',2,3,4,'2021-05-17 07:43:24.366386','2021-05-17 07:43:24.366386',NULL,0),(173,'ジョンコリンズ',1,3,3,'2021-05-17 07:44:36.141050','2021-05-17 07:44:36.141050',NULL,0),(174,'ジンサワー',1,3,4,'2021-05-17 07:45:40.304176','2021-05-17 07:45:40.304176',NULL,0),(175,'ジンフィズ',1,3,3,'2021-05-17 07:47:12.264260','2021-05-17 07:47:12.264260',NULL,0),(176,'ダイキリ',2,3,4,'2021-05-17 07:48:20.921635','2021-05-17 07:48:20.921635',NULL,0),(177,'チョコレートサワー',1,3,2,'2021-05-17 07:49:19.403513','2021-05-17 07:49:19.403513',NULL,0),(178,'テキーラフィズ',1,3,3,'2021-05-17 07:51:25.753950','2021-09-11 15:32:03.011530',NULL,1),(179,'テキサスフィズ',1,3,3,'2021-05-17 07:52:43.533914','2021-05-17 07:52:43.533914',NULL,0),(180,'ニューヨーク',2,3,4,'2021-05-17 07:54:07.886232','2021-05-17 07:54:07.886232',NULL,0),(181,'パイナップルフィズ',1,1,3,'2021-05-17 07:55:24.660005','2021-05-17 07:55:24.660005',NULL,0),(182,'ハバナビーチ',2,3,3,'2021-05-17 07:56:43.846078','2021-05-17 07:56:43.846078',NULL,0),(183,'ピーチフィズ',1,1,2,'2021-05-17 07:57:45.137945','2021-05-17 07:57:45.137945',NULL,0),(184,'ピエールコリンズ',1,3,3,'2021-05-17 07:59:18.358205','2021-05-17 07:59:18.358205',NULL,0),(185,'ビショップ',1,1,3,'2021-05-17 08:02:09.111884','2021-12-18 05:56:26.361903',NULL,2),(186,'ブランデーサワー',1,3,4,'2021-05-17 08:03:37.044454','2021-05-17 08:03:37.044454',NULL,0),(187,'ブランデーミルクパンチ',1,3,2,'2021-05-17 08:05:10.037993','2021-05-17 08:05:10.037993',NULL,0),(188,'フローズンダイキリ',1,4,3,'2021-05-17 08:06:39.021671','2021-05-17 08:06:39.021671',NULL,0),(189,'フローズンピーチマルガリータ',1,4,3,'2021-05-17 08:08:52.771451','2021-09-11 15:31:46.033655',NULL,1),(190,'フローズンマルガリータ',1,4,3,'2021-05-17 08:10:18.950460','2021-05-17 08:10:18.950460',NULL,0),(191,'ブロードウェイサースト',2,3,3,'2021-05-17 08:12:07.247611','2021-05-17 08:12:07.247611',NULL,0),(192,'ボストンクーラー',1,3,3,'2021-05-17 08:13:27.927356','2021-05-17 08:13:27.927356',NULL,0),(193,'ミルクセーキ',1,3,1,'2021-05-17 08:14:47.208469','2021-05-17 08:14:47.208469',NULL,0),(194,'ラバーズドリーム',1,3,1,'2021-05-17 08:15:50.531576','2021-05-17 08:15:50.531576',NULL,0),(195,'ラムコリンズ',1,3,3,'2021-05-17 08:17:33.142452','2021-05-17 08:17:33.142452',NULL,0),(196,'ロイヤルフィズ',1,3,3,'2021-05-17 08:19:04.360449','2021-05-17 08:19:04.360449',NULL,0),(197,'ワインクーラー',1,1,2,'2021-05-17 08:20:39.103833','2021-09-11 15:31:51.320174',NULL,1),(198,'ウィスキーフロート',1,1,3,'2021-05-17 08:23:30.652942','2021-05-17 08:23:30.652942',NULL,0),(199,'カンチャンチャラ',1,3,3,'2021-05-17 08:24:28.778818','2021-05-17 08:24:28.778818',NULL,0),(200,'ジンフィックス',1,1,3,'2021-05-17 08:25:53.209513','2021-05-17 08:25:53.209513',NULL,0),(201,'アディオスアミーゴス',2,3,4,'2021-05-17 12:29:04.142875','2021-05-17 12:29:04.142875',NULL,0),(202,'ウォッカマティーニ',2,2,4,'2021-05-17 12:30:46.530146','2021-05-17 12:30:46.530146',NULL,0),(203,'エクストラドライマティーニ',2,2,4,'2021-05-17 12:32:20.649890','2021-05-17 12:32:20.649890',NULL,0),(204,'オアシスクーラー',1,1,3,'2021-05-17 12:33:28.030356','2021-05-17 12:33:28.030356',NULL,0),(205,'コルクスクリュー',2,3,4,'2021-05-17 12:34:43.489733','2021-05-17 12:34:43.489733',NULL,0),(206,'ジュニパー',2,2,4,'2021-05-17 12:35:56.283193','2021-05-17 12:35:56.283193',NULL,0),(207,'シルバーウィング',2,2,4,'2021-05-17 12:37:00.667247','2021-05-17 12:37:00.667247',NULL,0),(208,'ジンアンドフレンチ',2,1,4,'2021-05-17 12:38:07.420421','2021-05-17 12:38:07.420421',NULL,0),(209,'デービス',2,3,3,'2021-05-17 12:39:21.404334','2021-05-17 12:39:21.404334',NULL,0),(210,'パリジャン',2,2,4,'2021-05-17 12:40:34.928569','2021-05-17 12:40:34.928569',NULL,0),(211,'ブロンクステラス',2,3,4,'2021-05-17 12:41:42.851780','2021-05-17 12:41:42.851780',NULL,0),(212,'ホールインワン',2,3,4,'2021-05-17 12:42:41.868973','2021-05-17 12:42:41.868973',NULL,0),(213,'ポンピエ',1,1,2,'2021-05-17 12:44:37.292848','2021-05-17 12:44:37.292848',NULL,0),(214,'マイアミビーチ',2,3,4,'2021-05-17 12:45:44.103826','2021-05-17 12:45:44.103826',NULL,0),(215,'マティーニ',2,2,4,'2021-05-17 12:46:54.164118','2021-05-17 12:46:54.164118',NULL,0),(216,'ルビーカシス',1,1,2,'2021-05-17 12:47:37.179570','2021-05-17 12:47:37.179570',NULL,0),(217,'ショコラミルク',1,1,2,'2021-05-17 13:17:29.290721','2021-10-10 17:03:43.113717',NULL,1),(218,'カフェショコラミルク',1,1,2,'2021-05-17 13:18:20.857774','2021-09-11 15:31:01.430206',NULL,1),(219,'チョコティーニ',2,2,4,'2021-05-17 13:21:21.016841','2021-05-17 13:21:21.016841',NULL,0),(220,'シトラスショコラ',1,1,2,'2021-05-17 13:22:48.931121','2021-05-17 13:22:48.931121',NULL,0),(221,'カシスコラーダ',1,3,2,'2021-05-20 14:14:02.895267','2021-05-20 14:14:02.895267',NULL,0),(222,'ブルーコラーダ',1,3,2,'2021-05-20 14:15:16.282074','2021-05-20 14:15:16.282074',NULL,0),(223,'マリブサーフ',1,1,2,'2021-05-20 14:16:52.107659','2021-05-20 14:16:52.107659',NULL,0),(224,'マリブパイン',1,1,2,'2021-05-20 14:17:53.589233','2021-05-20 14:17:53.589233',NULL,0),(225,'マリブビーチ',1,1,2,'2021-05-20 14:19:16.056257','2021-05-20 14:19:16.056257',NULL,0),(226,'マリブピニャコラーダ',1,3,2,'2021-05-20 14:20:16.202182','2021-05-20 14:20:16.202182',NULL,0),(227,'マリブミルク',1,1,2,'2021-05-20 14:25:51.770950','2021-05-20 14:25:51.770950',NULL,0),(228,'アマレットカフェ',3,1,2,'2021-05-25 14:02:37.415379','2021-05-25 14:02:37.415379',NULL,0),(229,'アマレットジンジャー',1,1,2,'2021-05-25 14:03:31.682931','2021-11-28 10:06:31.361739',NULL,1),(230,'イタリアンサーファー',1,1,3,'2021-05-25 14:04:47.504668','2021-09-11 15:33:49.160777',NULL,1),(231,'イタリアンスクリュードライバー',1,1,2,'2021-05-25 14:07:12.189975','2022-02-18 16:10:09.781972',NULL,1),(232,'クリス',1,1,3,'2021-05-25 14:08:36.601256','2021-05-25 14:08:36.601256',NULL,0),(233,'ゴットファーザー',1,1,4,'2021-05-25 14:11:49.985548','2021-05-25 14:11:49.985548',NULL,0),(234,'ゴットマザー',1,1,4,'2021-05-25 14:12:50.124426','2021-05-25 14:12:50.124426',NULL,0),(235,'フレンチコネクション',1,1,4,'2021-05-25 14:13:40.953987','2021-05-25 14:13:40.953987',NULL,0),(236,'ボッチボール',1,1,2,'2021-05-25 14:14:30.661137','2021-09-15 14:14:24.693903',NULL,1),(237,'ホワイトスワン',2,3,2,'2021-05-25 14:15:49.297021','2021-05-25 14:15:49.297021',NULL,0),(238,'ローザロッサ',1,1,3,'2021-05-25 14:17:05.387722','2021-05-25 14:17:05.387722',NULL,0),(239,'カリモーチョ',1,1,2,'2021-05-25 14:19:52.716147','2021-05-25 14:19:52.716147',NULL,0),(240,'キューバリバー',1,1,3,'2021-05-25 14:21:01.123407','2021-05-25 14:21:01.123407',NULL,0),(241,'コークハイ',1,1,3,'2021-05-25 14:24:21.106924','2021-05-25 14:24:21.106924',NULL,0),(242,'コロラドブルドッグ',1,3,3,'2021-05-25 14:25:30.488086','2021-05-25 14:25:30.488086',NULL,0),(243,'チャロネロ',1,1,3,'2021-05-25 14:26:51.366861','2021-05-25 14:26:51.366861',NULL,0),(244,'マリブコーク',1,1,2,'2021-05-25 14:27:53.399083','2021-05-25 14:27:53.399083',NULL,0),(245,'ロングアイランド・アイスティー',1,1,3,'2021-05-25 14:29:05.115279','2021-09-11 15:32:19.429072',NULL,1),(246,'クリームフィズ',1,3,3,'2021-05-25 14:33:05.582068','2021-10-22 10:38:13.449422',NULL,2),(247,'クレオパトラ',2,3,3,'2021-05-25 14:34:30.854442','2021-05-25 14:34:30.854442',NULL,0),(248,'ジェントルブル',1,3,3,'2021-05-25 14:35:56.056870','2021-05-25 14:35:56.056870',NULL,0),(249,'ズーム',2,3,3,'2021-05-25 14:37:00.942282','2021-05-25 14:37:00.942282',NULL,0),(250,'スパイダーキッス',2,3,3,'2021-05-25 14:38:19.181316','2021-05-25 14:38:19.181316',NULL,0),(251,'ビーズキッス',2,3,3,'2021-05-25 14:39:30.926409','2021-05-25 14:39:30.926409',NULL,0),(252,'プラチナブロンド',2,3,4,'2021-05-25 14:40:39.249121','2021-05-25 14:40:39.249121',NULL,0),(253,'ベルベットハンマー',2,3,3,'2021-05-25 14:41:48.202217','2021-05-25 14:41:48.202217',NULL,0),(254,'ホワイトルシアン',1,1,4,'2021-05-25 14:43:11.687983','2021-05-25 14:43:11.687983',NULL,0),(255,'マグノリアブロッサム',2,3,3,'2021-05-25 14:44:35.380195','2021-05-25 14:44:35.380195',NULL,0),(256,'ミドリアレキサンダー',2,3,4,'2021-05-25 14:45:45.595548','2021-05-25 14:45:45.595548',NULL,0),(257,'メキシカンコーヒー',3,1,2,'2021-05-25 14:46:47.510673','2021-05-25 14:46:47.510673',NULL,0),(258,'青い珊瑚礁',2,3,4,'2021-05-30 10:35:06.448181','2021-05-30 10:35:06.448181',NULL,0),(259,'アクア',1,3,3,'2021-05-30 10:37:08.317007','2021-05-30 10:37:08.317007',NULL,0),(260,'アラウンドザワールド',2,3,4,'2021-05-30 10:41:00.605868','2021-05-30 10:41:00.605868',NULL,0),(261,'アレキサンダーズシスター',2,3,4,'2021-05-30 10:42:46.264497','2021-05-30 10:42:46.264497',NULL,0),(262,'エメラルドクーラー',1,3,3,'2021-05-30 10:43:58.391200','2021-05-30 10:43:58.391200',NULL,0),(263,'カルーソー',2,2,4,'2021-05-30 10:45:53.129621','2021-05-30 10:45:53.129621',NULL,0),(264,'グリーンシー',2,2,4,'2021-05-30 10:46:53.304987','2021-05-30 10:46:53.304987',NULL,0),(265,'グリーンスパイダー',1,1,4,'2021-05-30 10:48:00.770391','2021-05-30 10:48:00.770391',NULL,0),(266,'デビル',2,3,4,'2021-05-30 10:48:56.860568','2021-05-30 10:48:56.860568',NULL,0),(267,'モッキンバード',2,3,4,'2021-05-30 10:50:00.756330','2021-05-30 10:50:00.756330',NULL,0),(268,'ロイヤルルシアン',2,3,3,'2021-05-30 10:50:58.432329','2021-05-30 10:50:58.432329',NULL,0),(269,'アクアドリーム',1,3,2,'2021-05-30 10:55:13.502887','2021-05-30 10:55:13.502887',NULL,0),(270,'フェアリーフリーク',2,3,4,'2021-05-30 10:58:28.362322','2021-05-30 10:58:28.362322',NULL,0),(271,'ライチソーダ',1,1,2,'2021-05-30 11:03:27.418267','2021-05-30 11:03:27.418267',NULL,0),(273,'ホワイトメロンサワー',1,1,2,'2021-05-30 11:07:45.155087','2021-05-30 11:07:45.155087',NULL,0),(274,'カルピスコアントロー',1,3,3,'2021-05-30 11:12:18.966115','2021-09-15 12:28:35.308159',6,2),(275,'コアントローフィズ',1,1,2,'2021-05-30 11:15:47.900176','2021-09-11 15:30:40.711743',NULL,2),(276,'ナイト・ウォーカー',2,3,3,'2021-06-04 14:05:20.431211','2021-09-11 15:30:26.404734',NULL,1),(277,'カシス・ド・ヨネ',1,3,3,'2021-06-05 15:24:02.098818','2021-09-15 12:29:00.208967',6,2),(278,'トロピカルビーチ',2,3,3,'2021-06-05 15:31:55.807645','2021-06-06 08:33:24.645276',NULL,0),(279,'マスターペッパー',1,3,3,'2021-06-11 12:12:39.875844','2021-06-11 12:12:39.875844',NULL,0),(280,'コットンピース',2,3,3,'2021-06-11 14:22:08.724119','2021-06-11 14:22:08.724119',NULL,0),(281,'ウェルカムヘルス',1,1,2,'2021-06-12 13:28:14.435422','2021-06-12 13:28:14.435422',NULL,0),(282,'ファーストコンタクト',2,3,2,'2021-06-12 14:13:44.265432','2021-06-12 14:25:59.939356',NULL,0),(283,'グリーンドリーム',2,3,3,'2021-06-12 14:25:32.790365','2021-06-12 14:25:49.351783',NULL,0),(284,'IZUMOZAKI',2,3,4,'2021-09-03 14:00:14.376147','2021-09-03 14:00:14.376147',14,0),(285,'B・B・B',2,3,2,'2021-09-03 14:36:51.615231','2021-09-11 15:11:59.425897',14,0);
/*!40000 ALTER TABLE `recipes` ENABLE KEYS */;
UNLOCK TABLES;

--
-- Table structure for table `reviews`
--

DROP TABLE IF EXISTS `reviews`;
/*!40101 SET @saved_cs_client     = @@character_set_client */;
/*!40101 SET character_set_client = utf8 */;
CREATE TABLE `reviews` (
  `id` bigint(20) NOT NULL AUTO_INCREMENT,
  `user_id` bigint(20) NOT NULL,
  `comment` varchar(255) DEFAULT NULL,
  `created_at` datetime(6) NOT NULL,
  `updated_at` datetime(6) NOT NULL,
  `recipe_id` bigint(20) NOT NULL,
  `assessment_id` bigint(20) NOT NULL,
  PRIMARY KEY (`id`),
  KEY `index_reviews_on_user_id` (`user_id`),
  KEY `index_reviews_on_recipe_id` (`recipe_id`),
  KEY `index_reviews_on_assessment_id` (`assessment_id`),
  CONSTRAINT `fk_rails_a47e2057ed` FOREIGN KEY (`recipe_id`) REFERENCES `recipes` (`id`)
) ENGINE=InnoDB AUTO_INCREMENT=135 DEFAULT CHARSET=utf8mb4;
/*!40101 SET character_set_client = @saved_cs_client */;

--
-- Dumping data for table `reviews`
--

LOCK TABLES `reviews` WRITE;
/*!40000 ALTER TABLE `reviews` DISABLE KEYS */;
INSERT INTO `reviews` VALUES (1,3,NULL,'2021-05-30 04:08:03.538823','2021-06-11 15:43:28.069120',111,2),(2,2,NULL,'2021-05-30 04:08:32.941071','2021-09-11 14:22:27.793214',94,4),(3,2,NULL,'2021-05-30 04:08:51.047551','2021-09-03 15:44:45.219044',95,3),(4,1,NULL,'2021-05-30 04:09:01.318502','2021-05-30 06:27:59.279844',151,3),(5,4,NULL,'2021-05-30 04:09:15.833580','2021-09-03 14:55:57.201088',237,3),(6,3,NULL,'2021-05-30 04:09:33.844987','2021-09-08 14:47:50.338921',98,2),(7,4,NULL,'2021-05-30 04:09:47.685002','2021-06-11 12:08:45.606504',86,3),(8,2,NULL,'2021-05-30 04:10:06.014693','2021-09-03 15:44:51.269257',82,3),(9,2,NULL,'2021-05-30 04:10:22.849268','2021-09-03 15:44:21.692301',175,3),(10,2,NULL,'2021-05-30 04:10:42.492450','2021-09-03 15:44:32.125397',121,3),(11,2,NULL,'2021-05-30 04:10:57.375480','2021-09-03 15:44:37.763798',111,3),(12,1,NULL,'2021-05-30 04:11:42.497541','2021-09-11 15:31:15.687386',101,4),(13,1,NULL,'2021-05-30 04:12:03.427516','2021-09-11 15:31:08.696669',95,4),(14,1,NULL,'2021-05-30 04:12:19.143821','2021-09-11 15:31:01.374773',218,4),(15,1,NULL,'2021-05-30 04:12:56.393523','2021-05-30 06:16:46.832000',53,2),(19,1,NULL,'2021-05-30 10:28:03.165180','2021-09-11 15:30:52.622929',62,4),(20,1,NULL,'2021-05-30 10:28:45.239134','2021-09-11 15:30:10.949385',85,4),(21,1,NULL,'2021-05-30 10:29:05.497133','2021-05-30 10:29:05.497133',157,3),(22,5,NULL,'2021-06-01 13:47:18.991903','2021-09-11 14:20:38.132594',275,4),(23,1,NULL,'2021-06-01 13:51:37.900984','2021-09-11 15:30:40.650968',275,4),(24,5,NULL,'2021-06-01 14:10:37.915135','2021-06-09 13:23:57.007310',101,3),(25,5,NULL,'2021-06-01 14:43:49.910635','2021-06-09 13:24:07.881969',82,3),(26,1,NULL,'2021-06-01 14:47:59.947714','2021-06-01 14:47:59.947714',236,3),(27,5,NULL,'2021-06-01 15:46:37.008517','2021-09-11 15:34:06.644861',119,4),(28,1,NULL,'2021-06-01 15:51:14.092832','2021-09-11 15:30:33.908641',94,4),(29,5,NULL,'2021-06-01 16:25:28.042621','2021-06-09 13:23:45.313387',27,3),(30,4,NULL,'2021-06-05 12:50:45.608024','2021-06-05 12:50:45.608024',13,1),(31,3,NULL,'2021-06-05 13:18:49.174223','2021-09-11 15:32:19.342193',245,4),(32,6,NULL,'2021-06-05 13:20:27.271407','2021-06-05 13:25:15.464110',34,1),(33,4,NULL,'2021-06-05 13:24:27.472546','2021-06-05 13:24:27.472546',242,1),(34,1,NULL,'2021-06-05 13:27:22.425944','2021-06-05 13:27:22.425944',245,3),(35,1,NULL,'2021-06-05 13:27:52.912182','2021-06-05 13:27:52.912182',242,3),(36,1,NULL,'2021-06-05 13:40:10.496311','2021-09-11 15:30:26.347994',276,4),(37,4,NULL,'2021-06-05 14:02:48.400587','2021-09-11 15:33:19.666276',50,4),(38,7,NULL,'2021-06-09 12:30:57.545625','2021-06-09 12:30:57.545625',248,1),(39,5,NULL,'2021-06-09 12:33:06.845513','2021-09-11 14:20:24.821348',85,4),(40,5,NULL,'2021-06-09 13:19:09.592819','2021-06-09 13:23:28.738019',172,3),(41,8,NULL,'2021-06-09 13:52:25.659888','2021-06-09 13:52:25.659888',139,1),(42,5,NULL,'2021-06-09 13:58:30.557825','2021-09-11 15:33:55.062081',138,4),(43,7,NULL,'2021-06-09 14:28:10.738439','2021-06-09 14:28:10.738439',109,1),(44,5,NULL,'2021-06-09 14:31:20.036196','2021-09-10 18:23:04.036600',23,2),(45,7,NULL,'2021-06-09 15:12:54.692245','2021-06-09 15:12:54.692245',127,1),(46,5,NULL,'2021-06-09 15:24:44.551271','2021-09-11 15:33:49.111078',230,4),(47,5,NULL,'2021-06-09 16:02:01.901044','2021-09-11 15:33:44.278084',58,4),(48,8,NULL,'2021-06-10 07:44:17.207779','2021-06-10 07:44:17.207779',170,1),(49,8,NULL,'2021-06-10 07:44:27.783652','2021-06-10 07:44:27.783652',17,1),(50,4,NULL,'2021-06-11 12:20:39.306697','2021-06-11 12:20:39.306697',146,1),(51,3,NULL,'2021-06-11 12:21:21.093048','2021-06-11 15:43:41.894423',77,2),(52,4,NULL,'2021-06-11 12:56:19.786030','2021-06-11 13:06:50.261975',112,3),(53,3,NULL,'2021-06-11 15:43:34.127597','2021-06-11 15:49:28.368161',166,3),(54,9,NULL,'2021-06-11 15:44:52.381621','2021-09-11 14:19:32.555118',85,4),(55,9,NULL,'2021-06-11 15:45:59.646454','2021-09-11 15:32:56.900141',277,4),(56,9,NULL,'2021-06-11 15:46:06.334153','2021-09-11 15:32:48.256415',17,4),(57,12,NULL,'2021-06-12 10:46:51.286867','2021-06-12 10:46:51.286867',162,1),(58,3,NULL,'2021-06-12 10:48:38.058682','2021-09-03 11:43:01.757221',207,3),(59,11,NULL,'2021-06-12 10:49:48.689819','2021-09-11 15:35:26.457978',5,4),(60,3,NULL,'2021-06-12 10:50:00.469872','2021-09-03 11:42:50.357919',225,3),(61,15,NULL,'2021-06-12 10:53:23.789257','2021-06-12 10:53:23.789257',118,3),(62,11,NULL,'2021-06-12 11:42:22.750357','2021-06-12 11:42:22.750357',279,1),(64,12,NULL,'2021-06-12 15:46:14.171926','2021-06-12 15:46:14.171926',101,1),(65,1,NULL,'2021-06-14 14:02:34.686310','2021-09-08 14:46:48.995096',281,3),(66,3,NULL,'2021-07-19 13:02:57.037524','2021-09-11 14:18:34.032969',85,4),(67,8,NULL,'2021-08-07 10:51:48.760168','2021-08-07 10:51:48.760168',24,1),(68,17,NULL,'2021-08-07 10:54:15.979968','2021-08-07 10:54:15.979968',204,1),(69,17,NULL,'2021-08-07 10:56:55.690713','2021-08-07 10:56:55.690713',13,1),(70,17,NULL,'2021-08-07 11:03:16.275625','2021-08-07 11:03:16.275625',139,1),(71,19,NULL,'2021-08-07 11:29:57.199381','2021-08-07 11:29:57.199381',222,1),(72,17,NULL,'2021-08-07 11:49:20.921098','2021-08-07 11:49:20.921098',216,1),(73,3,NULL,'2021-08-07 11:58:17.885466','2021-09-11 15:32:02.957399',178,4),(74,7,NULL,'2021-09-01 15:38:41.795355','2021-09-01 15:38:41.795355',93,1),(75,7,NULL,'2021-09-01 15:39:29.304188','2021-09-01 15:39:29.304188',225,1),(76,9,NULL,'2021-09-03 11:50:04.772212','2021-09-03 11:50:04.772212',43,2),(77,9,NULL,'2021-09-03 12:13:12.063731','2021-09-03 12:13:48.476548',10,3),(78,9,NULL,'2021-09-03 13:22:17.949140','2021-09-11 15:32:41.409837',93,4),(79,3,NULL,'2021-09-03 13:42:26.077589','2021-09-11 15:31:57.014231',185,4),(80,6,NULL,'2021-09-03 15:08:39.265008','2021-09-03 15:11:39.044757',267,2),(81,9,NULL,'2021-09-03 15:24:23.287927','2021-09-03 15:24:23.287927',53,3),(82,9,NULL,'2021-09-03 15:31:42.318704','2021-09-03 15:31:42.318704',225,3),(83,9,NULL,'2021-09-03 15:33:29.721025','2021-09-03 15:33:36.065174',266,2),(84,6,NULL,'2021-09-03 15:35:44.705371','2021-09-03 15:37:46.948354',276,3),(85,9,NULL,'2021-09-03 15:47:35.954519','2021-09-03 15:47:35.954519',284,3),(86,9,NULL,'2021-09-03 15:47:45.289050','2021-09-08 14:48:32.046759',285,3),(87,2,NULL,'2021-09-03 15:48:55.066848','2021-09-03 15:48:55.066848',284,3),(88,3,NULL,'2021-09-03 15:49:06.663995','2021-09-11 15:31:51.270833',197,4),(89,2,NULL,'2021-09-03 15:49:53.971211','2021-09-03 15:49:53.971211',285,3),(90,1,NULL,'2021-09-04 14:23:00.994751','2021-09-11 15:30:19.190991',274,4),(91,3,NULL,'2021-09-10 14:34:31.519575','2021-09-11 15:31:45.968199',189,4),(92,3,NULL,'2021-09-10 16:46:09.347770','2021-09-11 15:31:40.594548',113,4),(93,3,NULL,'2021-09-10 17:02:22.319165','2021-09-10 17:02:24.222313',92,3),(94,5,NULL,'2021-09-10 18:21:48.579128','2021-09-10 18:22:17.268647',94,3),(95,5,NULL,'2021-09-10 18:53:00.569396','2021-09-11 15:33:39.751585',169,4),(96,6,NULL,'2021-09-15 12:28:35.244543','2021-09-15 12:28:35.244543',274,4),(97,6,NULL,'2021-09-15 12:28:57.206730','2021-09-15 12:29:00.157395',277,4),(98,9,NULL,'2021-09-15 12:44:15.094728','2021-09-15 12:44:15.094728',15,3),(99,3,NULL,'2021-09-15 14:14:11.373827','2021-09-15 14:14:24.640768',236,4),(100,9,NULL,'2021-09-15 15:07:37.919403','2021-09-15 15:07:37.919403',63,3),(101,3,NULL,'2021-09-15 15:07:42.758736','2021-09-15 15:07:42.758736',83,4),(102,3,NULL,'2021-09-15 16:22:50.637352','2021-09-15 16:22:50.637352',125,3),(103,3,NULL,'2021-09-15 16:56:49.591655','2021-09-15 16:56:49.591655',17,4),(104,9,NULL,'2021-09-15 16:58:27.751991','2021-09-15 16:58:27.751991',115,3),(105,3,NULL,'2021-09-19 10:48:30.962373','2021-09-19 10:48:30.962373',157,3),(106,3,NULL,'2021-09-19 11:01:53.552984','2021-09-19 11:01:53.552984',22,4),(107,4,NULL,'2021-09-19 11:03:06.591024','2021-09-19 11:03:08.887102',218,3),(108,1,NULL,'2021-09-26 12:37:33.713486','2021-09-26 12:58:10.915846',217,3),(109,1,NULL,'2021-09-27 12:04:27.558319','2021-09-27 12:04:39.399912',84,3),(110,3,NULL,'2021-10-10 15:24:19.458327','2021-10-10 15:24:21.721713',57,4),(111,3,NULL,'2021-10-10 17:03:41.451667','2021-10-10 17:03:43.064880',217,4),(112,1,NULL,'2021-10-12 12:37:16.338805','2021-10-12 12:37:16.338805',37,4),(113,1,NULL,'2021-10-12 12:43:37.770967','2021-10-12 12:43:37.770967',277,3),(114,22,NULL,'2021-10-22 10:36:24.146489','2021-10-22 10:38:13.377344',246,4),(115,1,NULL,'2021-10-22 10:38:11.137796','2021-10-22 10:38:11.137796',246,4),(116,22,NULL,'2021-10-22 10:57:03.503218','2021-10-22 10:57:16.756530',86,3),(117,1,NULL,'2021-10-22 11:15:22.149273','2021-10-22 11:15:22.149273',86,2),(118,5,NULL,'2021-11-20 16:04:39.613237','2022-02-18 16:10:09.736506',231,4),(119,5,NULL,'2021-11-20 16:10:40.975710','2022-02-18 16:09:59.363855',104,2),(120,5,NULL,'2021-11-20 16:44:14.400297','2022-02-18 16:09:39.064942',276,3),(121,23,NULL,'2021-11-27 12:53:49.379078','2021-11-27 12:55:45.739828',81,4),(122,1,NULL,'2021-11-27 13:02:22.770816','2021-11-27 13:02:22.770816',81,4),(123,23,NULL,'2021-11-28 09:28:13.327484','2021-11-28 10:05:57.610052',37,3),(124,23,NULL,'2021-11-28 09:32:44.377967','2021-11-28 10:06:21.671464',130,3),(125,23,NULL,'2021-11-28 10:04:11.920505','2021-11-28 10:06:31.317574',229,4),(126,23,NULL,'2021-11-28 10:20:55.681323','2021-11-28 10:20:55.681323',156,1),(127,12,NULL,'2021-12-22 14:40:35.258927','2021-12-22 14:40:35.258927',218,1),(128,12,NULL,'2021-12-22 15:32:04.455311','2021-12-22 15:32:04.455311',229,1),(129,3,NULL,'2022-02-18 15:40:42.383383','2022-02-18 15:40:42.383383',179,3),(130,5,NULL,'2022-02-18 16:00:52.282212','2022-02-18 16:09:23.981508',267,3),(131,3,NULL,'2022-02-18 16:00:54.507857','2022-02-18 16:00:54.507857',146,4),(132,3,NULL,'2022-02-18 16:17:48.443157','2022-02-18 16:17:48.443157',84,4),(133,5,NULL,'2022-02-18 16:33:34.878660','2022-02-18 16:33:34.878660',106,1),(134,3,NULL,'2022-02-18 16:50:19.322924','2022-02-18 16:50:19.322924',280,2);
/*!40000 ALTER TABLE `reviews` ENABLE KEYS */;
UNLOCK TABLES;

--
-- Table structure for table `schema_migrations`
--

DROP TABLE IF EXISTS `schema_migrations`;
/*!40101 SET @saved_cs_client     = @@character_set_client */;
/*!40101 SET character_set_client = utf8 */;
CREATE TABLE `schema_migrations` (
  `version` varchar(255) NOT NULL,
  PRIMARY KEY (`version`)
) ENGINE=InnoDB DEFAULT CHARSET=utf8mb4;
/*!40101 SET character_set_client = @saved_cs_client */;

--
-- Dumping data for table `schema_migrations`
--

LOCK TABLES `schema_migrations` WRITE;
/*!40000 ALTER TABLE `schema_migrations` DISABLE KEYS */;
INSERT INTO `schema_migrations` VALUES ('20210514033456'),('20210514033614'),('20210514033710'),('20210514033817'),('20210514033843'),('20210514033922'),('20210514054300'),('20210520014623'),('20210524153835'),('20210524160738'),('20210526092732'),('20210529060505'),('20210530035534'),('20210530040234'),('20210530060744'),('20210530060924'),('20210530081546'),('20210606083050'),('20210903053217'),('20210903053244'),('20210903054758'),('20210903060556'),('20210903135201'),('20210908130936'),('20210908133401'),('20210911135751');
/*!40000 ALTER TABLE `schema_migrations` ENABLE KEYS */;
UNLOCK TABLES;

--
-- Table structure for table `styles`
--

DROP TABLE IF EXISTS `styles`;
/*!40101 SET @saved_cs_client     = @@character_set_client */;
/*!40101 SET character_set_client = utf8 */;
CREATE TABLE `styles` (
  `id` bigint(20) NOT NULL AUTO_INCREMENT,
  `name` varchar(255) NOT NULL,
  `created_at` datetime(6) NOT NULL,
  `updated_at` datetime(6) NOT NULL,
  PRIMARY KEY (`id`)
) ENGINE=InnoDB AUTO_INCREMENT=4 DEFAULT CHARSET=utf8mb4;
/*!40101 SET character_set_client = @saved_cs_client */;

--
-- Dumping data for table `styles`
--

LOCK TABLES `styles` WRITE;
/*!40000 ALTER TABLE `styles` DISABLE KEYS */;
INSERT INTO `styles` VALUES (1,'ロング','2021-05-17 03:55:07.256766','2021-05-17 03:55:07.256766'),(2,'ショート','2021-05-17 03:55:07.269658','2021-05-17 03:55:07.269658'),(3,'ホット','2021-05-17 03:55:07.281499','2021-05-17 03:55:07.281499');
/*!40000 ALTER TABLE `styles` ENABLE KEYS */;
UNLOCK TABLES;

--
-- Table structure for table `teches`
--

DROP TABLE IF EXISTS `teches`;
/*!40101 SET @saved_cs_client     = @@character_set_client */;
/*!40101 SET character_set_client = utf8 */;
CREATE TABLE `teches` (
  `id` bigint(20) NOT NULL AUTO_INCREMENT,
  `name` varchar(255) NOT NULL,
  `created_at` datetime(6) NOT NULL,
  `updated_at` datetime(6) NOT NULL,
  PRIMARY KEY (`id`)
) ENGINE=InnoDB AUTO_INCREMENT=5 DEFAULT CHARSET=utf8mb4;
/*!40101 SET character_set_client = @saved_cs_client */;

--
-- Dumping data for table `teches`
--

LOCK TABLES `teches` WRITE;
/*!40000 ALTER TABLE `teches` DISABLE KEYS */;
INSERT INTO `teches` VALUES (1,'ビルド','2021-05-17 03:55:19.395483','2021-05-17 03:55:19.395483'),(2,'ステア','2021-05-17 03:55:19.406192','2021-05-17 03:55:19.406192'),(3,'シェイク','2021-05-17 03:55:19.416521','2021-05-17 03:55:19.416521'),(4,'ブレンド','2021-05-17 03:55:19.426004','2021-05-17 03:55:19.426004');
/*!40000 ALTER TABLE `teches` ENABLE KEYS */;
UNLOCK TABLES;

--
-- Table structure for table `user_material_badges`
--

DROP TABLE IF EXISTS `user_material_badges`;
/*!40101 SET @saved_cs_client     = @@character_set_client */;
/*!40101 SET character_set_client = utf8 */;
CREATE TABLE `user_material_badges` (
  `id` bigint(20) NOT NULL AUTO_INCREMENT,
  `user_id` bigint(20) NOT NULL,
  `material_id` bigint(20) NOT NULL,
  `created_at` datetime(6) NOT NULL,
  `updated_at` datetime(6) NOT NULL,
  PRIMARY KEY (`id`),
  KEY `index_user_material_badges_on_user_id` (`user_id`),
  KEY `index_user_material_badges_on_material_id` (`material_id`),
  CONSTRAINT `fk_rails_0fed4b8d28` FOREIGN KEY (`user_id`) REFERENCES `users` (`id`),
  CONSTRAINT `fk_rails_99209359cc` FOREIGN KEY (`material_id`) REFERENCES `materials` (`id`)
) ENGINE=InnoDB AUTO_INCREMENT=8 DEFAULT CHARSET=utf8mb4;
/*!40101 SET character_set_client = @saved_cs_client */;

--
-- Dumping data for table `user_material_badges`
--

LOCK TABLES `user_material_badges` WRITE;
/*!40000 ALTER TABLE `user_material_badges` DISABLE KEYS */;
INSERT INTO `user_material_badges` VALUES (3,9,37,'2021-09-08 14:48:30.530343','2021-09-08 14:48:30.530343'),(4,1,67,'2021-10-12 12:43:37.827369','2021-10-12 12:43:37.827369'),(5,1,74,'2021-11-27 13:02:22.821026','2021-11-27 13:02:22.821026'),(6,3,69,'2022-02-18 16:00:54.553888','2022-02-18 16:00:54.553888'),(7,5,69,'2022-02-18 16:09:59.402968','2022-02-18 16:09:59.402968');
/*!40000 ALTER TABLE `user_material_badges` ENABLE KEYS */;
UNLOCK TABLES;

--
-- Table structure for table `users`
--

DROP TABLE IF EXISTS `users`;
/*!40101 SET @saved_cs_client     = @@character_set_client */;
/*!40101 SET character_set_client = utf8 */;
CREATE TABLE `users` (
  `id` bigint(20) NOT NULL AUTO_INCREMENT,
  `name` varchar(255) DEFAULT NULL,
  `password` varchar(255) DEFAULT NULL,
  `created_at` datetime(6) NOT NULL,
  `updated_at` datetime(6) NOT NULL,
  `rank_id` bigint(20) NOT NULL,
  `review_count` int(11) NOT NULL DEFAULT '0',
  `show_flag` tinyint(1) DEFAULT '1',
  PRIMARY KEY (`id`),
  KEY `index_users_on_rank_id` (`rank_id`),
  CONSTRAINT `fk_rails_6650d73a65` FOREIGN KEY (`rank_id`) REFERENCES `ranks` (`id`)
) ENGINE=InnoDB AUTO_INCREMENT=25 DEFAULT CHARSET=utf8mb4;
/*!40101 SET character_set_client = @saved_cs_client */;

--
-- Dumping data for table `users`
--

LOCK TABLES `users` WRITE;
/*!40000 ALTER TABLE `users` DISABLE KEYS */;
INSERT INTO `users` VALUES (1,'しげ','1216','2021-05-29 06:32:21.367555','2021-12-18 05:56:26.308948',4,24,1),(2,'だいち','1111','2021-05-30 03:59:57.294957','2021-09-11 14:22:27.004804',3,8,1),(3,'おまた','1111','2021-05-30 04:00:09.841518','2022-02-18 16:50:19.334921',4,26,1),(4,'ずや','1111','2021-05-30 04:00:26.725262','2021-09-19 11:03:08.903856',3,5,1),(5,'すがわら','1111','2021-06-01 13:40:04.681667','2022-02-18 16:10:09.749719',4,17,1),(6,'よね','1111','2021-06-05 13:25:02.618295','2021-09-15 12:29:00.172711',2,4,1),(7,'めーじん','2','2021-06-09 12:16:26.799222','2021-09-11 15:36:06.034074',1,0,1),(8,'ほのか','1111','2021-06-09 13:51:41.991812','2021-09-03 05:45:16.297141',1,0,1),(9,'だいじろう','1111','2021-06-11 11:44:52.028472','2021-09-15 16:58:27.769310',4,14,1),(10,'なり','1111','2021-06-11 11:45:01.209845','2021-09-03 05:45:29.687079',1,0,1),(11,'くぐえ','1111','2021-06-12 04:12:39.325244','2021-09-03 15:01:42.247696',1,1,1),(12,'おおば','1111','2021-06-12 04:12:51.950334','2021-09-03 05:45:40.480700',1,0,1),(13,'りんと','1111','2021-06-12 04:13:02.008878','2021-09-03 05:45:48.589774',1,0,1),(14,'ほんじょう','1111','2021-06-12 08:21:41.372954','2021-09-03 05:45:55.432330',1,0,1),(15,'ふじさき','1111','2021-06-12 10:08:42.200369','2021-09-03 05:46:02.882467',1,0,1),(16,'むらやま','1111','2021-08-07 09:28:52.411300','2021-09-03 05:46:08.685626',1,0,1),(17,'さとう','1111','2021-08-07 09:29:04.848322','2021-09-03 05:46:15.134691',1,0,1),(18,'たけうち','1111','2021-08-07 09:29:19.291969','2021-09-03 05:46:20.922638',1,0,1),(19,'かたよせ','1111','2021-08-07 09:29:37.276235','2021-09-03 05:46:26.615403',1,0,1),(20,'たなたに','1111','2021-08-07 09:29:53.938020','2021-09-03 05:46:32.299833',1,0,1),(21,'しらはま','1111','2021-08-07 09:30:07.464695','2021-09-03 05:46:36.910903',1,0,1),(22,'くぼちゃん','8843','2021-10-22 10:24:49.383920','2021-10-22 11:07:05.705705',1,2,0),(23,'ゆみ','1111','2021-11-27 12:37:46.453662','2021-11-28 10:06:31.330875',2,4,0),(24,'みく','1111','2021-11-27 12:38:02.911362','2021-11-27 12:38:02.911362',1,0,1);
/*!40000 ALTER TABLE `users` ENABLE KEYS */;
UNLOCK TABLES;
/*!40103 SET TIME_ZONE=@OLD_TIME_ZONE */;

/*!40101 SET SQL_MODE=@OLD_SQL_MODE */;
/*!40014 SET FOREIGN_KEY_CHECKS=@OLD_FOREIGN_KEY_CHECKS */;
/*!40014 SET UNIQUE_CHECKS=@OLD_UNIQUE_CHECKS */;
/*!40101 SET CHARACTER_SET_CLIENT=@OLD_CHARACTER_SET_CLIENT */;
/*!40101 SET CHARACTER_SET_RESULTS=@OLD_CHARACTER_SET_RESULTS */;
/*!40101 SET COLLATION_CONNECTION=@OLD_COLLATION_CONNECTION */;
/*!40111 SET SQL_NOTES=@OLD_SQL_NOTES */;

-- Dump completed on 2022-09-12 23:52:49
